ID,baseMean,log2FoldChange,lfcSE,stat,pvalue,padj,MD9-R-EB,MD10-R-EB,MD11-R-EB,MD12-R-EB
0610010F05Rik,927.9547789,1.187600526,0.159968835,7.423949328,1.14E-13,3.11E-11,582.3598019,549.9972455,1255.705443,1323.756625
1700003E16Rik,116.9723224,-1.176683664,0.378289567,-3.110536919,0.001867475,0.019329482,163.0607445,161.4122351,83.3866896,60.0296202
1700012D14Rik,103.7760786,1.33018291,0.377513234,3.523539818,0.000425823,0.006517474,53.38298184,64.76416841,152.058081,144.8990832
1700019D03Rik,544.3847247,1.405320626,0.361935532,3.882792661,0.000103264,0.002220095,226.1497231,370.6503177,596.4600856,984.2787726
2300009A05Rik,93.21235832,1.131485383,0.402320447,2.812398408,0.004917355,0.038494123,66.00077755,50.8149629,124.5895245,131.4441684
2610044O15Rik8,765.5335334,1.119116773,0.180831774,6.188717563,6.07E-10,6.70E-08,456.1818448,509.1460009,998.6782355,1098.128052
2900060N12Rik,72.03780274,1.240159254,0.457974961,2.707919342,0.006770648,0.047416973,35.91218779,49.81859108,102.0260673,100.3943648
3830417A13Rik,117.7786598,-2.866612909,0.492463807,-5.820961593,5.85E-09,5.12E-07,236.8263194,177.3541843,18.63937768,38.29475771
4930447C04Rik,364.7710334,2.356642135,0.381893634,6.170938516,6.79E-10,7.38E-08,104.8247643,133.5138241,423.8005872,796.9449578
4930522L14Rik,211.218312,1.156366854,0.30069261,3.845677659,0.00012022,0.002507997,129.0897561,132.5174523,253.1031284,330.1629111
5330434G04Rik,34.86967712,2.867489185,0.836002394,3.430001163,0.000603579,0.008430153,3.882398679,12.95283368,47.08895413,75.55452198
5430403G16Rik,211.8021313,1.379782077,0.291649865,4.73095394,2.23E-06,9.48E-05,111.618962,123.5501059,275.6665856,336.3728718
6330403L08Rik,96.00683419,-1.37876638,0.383826196,-3.592163311,0.000327944,0.00531284,134.9133541,142.4811705,55.91813303,50.71467914
6720427I07Rik,980.129943,1.301054568,0.169307358,7.684571899,1.54E-14,4.94E-12,526.0650211,605.7940676,1403.839445,1384.821238
6720489N17Rik,293.0555398,1.698074155,0.247939286,6.848749879,7.45E-12,1.34E-09,143.6487511,132.5174523,474.8136208,421.2423349
9330162G02Rik,1017.399572,1.333474706,0.193238356,6.900672986,5.18E-12,9.57E-10,585.2716009,570.9210538,1619.663818,1293.741815
A530016L24Rik,37.37926403,-2.614586703,0.730632665,-3.578524241,0.00034554,0.005530818,72.79497524,55.79682201,14.71529817,6.20996071
A830018L16Rik,198.5982729,1.935824771,0.411421637,4.705208959,2.54E-06,0.000105233,66.97137722,97.64443852,235.4447706,394.3325051
Aasdhppt,1457.417199,1.106547846,0.146713328,7.542244854,4.62E-14,1.31E-11,879.3633009,969.4697825,1989.508312,1991.327401
Abca5,165.7200676,1.047436757,0.304383629,3.441173102,0.000579198,0.008221608,115.5013607,100.633554,232.501711,214.2436445
Abcd4,1890.88114,-1.15361505,0.278718298,-4.139000048,3.49E-05,0.000897294,2728.355672,2489.933182,1487.226135,858.0095715
Abtb2,371.0012922,-1.586596779,0.482939388,-3.285291731,0.001018768,0.012536274,770.6561379,342.7519066,243.2929297,127.3041946
AC156546.1,51.30975919,3.076135457,0.757985974,4.058301292,4.94E-05,0.001202522,4.852998349,16.93832097,70.63343119,112.8142862
Acot1,223.8715491,1.34618639,0.476587246,2.824637885,0.004733408,0.03760034,85.41277095,167.390466,226.6155917,416.0673676
Acsl4,5165.687398,1.5103865,0.287848167,5.247163859,1.54E-07,9.07E-06,2286.732822,3081.778044,5622.224919,9672.013807
Acvrl1,151.5882674,-1.927125821,0.669244929,-2.879552367,0.003982402,0.033642679,339.7098845,140.4884269,96.13994801,30.0148101
Adamts17,165.0316827,-1.892033795,0.419804418,-4.506941119,6.58E-06,0.000236305,298.9446983,221.1945444,89.27280887,50.71467914
Adamts3,567.7117769,-1.45341842,0.387890214,-3.746983986,0.000178974,0.003421735,874.5103026,789.1264827,419.8765076,187.3338148
Adgrf5,280.0920123,-1.782304674,0.276165962,-6.453744916,1.09E-10,1.49E-08,478.5056372,389.5813823,136.361763,115.9192666
Adora1,246.5354185,-1.401040604,0.40644526,-3.447058541,0.000566726,0.008106809,411.53426,303.8934056,177.5645979,93.14941066
AI504432,68.28025154,1.706101351,0.559725777,3.048102162,0.002302916,0.022453813,26.20619109,37.86212922,75.53853058,133.5141553
Alk,47.4449699,-1.511712303,0.53857533,-2.806872535,0.005002503,0.038862437,73.76557491,66.75691205,26.4875367,22.76985594
Alpk3,422.4134891,-2.378572592,0.531430023,-4.475796417,7.61E-06,0.000265565,921.0990867,496.1931672,204.0521346,68.30956781
Angpt1,49.12616088,2.23932708,0.633782874,3.533271679,0.00041045,0.006342588,21.35319274,12.95283368,61.80425229,100.3943648
Ankrd63,107.570905,-2.540998589,0.937154407,-2.711398004,0.006700015,0.047158345,201.8847313,165.3977224,58.86119266,4.139973807
Ano3,65.01480207,1.446934212,0.457494115,3.162738415,0.001562927,0.017060703,35.91218779,33.87664194,97.12096789,93.14941066
Anpep,1162.951991,-1.460537774,0.402311155,-3.630368576,0.000283017,0.004811611,1625.754447,1786.494676,890.7660489,348.7927932
Ap1s2,529.8504873,1.714129021,0.209873329,8.167445712,3.15E-16,1.26E-13,270.7973079,224.1836599,799.5312003,824.889781
Ap1s3,817.8465775,1.445351289,0.170640405,8.470158557,2.45E-17,1.25E-14,460.0642435,418.4761651,1167.413654,1225.432247
Apoe,13642.46455,-1.338908364,0.20611112,-6.496051082,8.25E-11,1.15E-08,22560.61873,16548.73959,8526.043757,6934.456127
Arfgef3,347.4297452,1.091003424,0.344679291,3.165271174,0.001549385,0.016975519,164.0313442,279.9804819,418.8954878,526.8116669
Arhgap45,466.6886207,-1.070264048,0.295481199,-3.62210541,0.000292215,0.004894849,701.7435613,562.9500792,362.9773547,239.0834874
Arhgap5,5376.678281,1.366009662,0.155194831,8.801901792,1.35E-18,8.65E-16,2836.092235,3175.436996,7105.526974,8389.65692
Arhgef6,158.502947,-2.366865788,0.331373987,-7.142581748,9.16E-13,1.94E-10,265.9443095,265.0349046,46.10793425,56.92463985
Arxes1,199.5992288,1.223411354,0.364790439,3.353737447,0.00079728,0.010463678,102.883565,136.5029396,223.6725321,335.3378784
Arxes2,235.8343841,2.687006418,0.291326335,9.223355716,2.88E-20,2.51E-17,66.97137722,59.7823093,376.711633,439.872217
Atf7ip2,294.5807065,1.0877433,0.372486996,2.920218184,0.003497864,0.030746061,133.9427544,243.1147245,354.1481758,447.1171712
Atoh8,78.55617609,-2.148245945,0.664768828,-3.231568408,0.001231129,0.014349584,172.7667412,83.69523302,41.20283486,16.55989523
Atp1a3,196.5303174,1.591688124,0.593117068,2.683598583,0.00728345,0.049967304,53.38298184,142.4811705,182.4696972,407.78742
Atp2b4,1210.967006,-1.341359017,0.309987616,-4.327137438,1.51E-05,0.000457027,2025.641511,1447.728257,862.3164725,508.1817848
B3galt1,94.14833995,2.311886771,0.532031764,4.345392376,1.39E-05,0.0004311,23.29439208,39.85487287,115.7603456,197.6837493
B4galt4,358.974312,1.141122004,0.397386301,2.871568546,0.004084402,0.034122178,165.9725435,281.9732255,365.9204144,622.0310645
Bace2,57.66226926,-2.088660171,0.628533693,-3.323067951,0.000890332,0.01138194,93.17756831,93.65895123,31.39263609,12.41992142
Barhl2,107.512919,-1.424939572,0.408194217,-3.490837232,0.00048151,0.007122007,130.0603558,183.3324152,61.80425229,54.85465294
BC064078,67.88069544,2.54721884,0.858995365,2.965346432,0.003023423,0.027536602,5.823598019,33.87664194,75.53853058,156.2840112
BC085271,91.06945738,1.153475524,0.406384528,2.838384449,0.004534253,0.036508514,62.11837887,50.8149629,115.7603456,135.5841422
Bche,96.35821331,1.148491483,0.390828014,2.93861095,0.003296866,0.029500272,66.00077755,53.80407837,138.3238028,127.3041946
Bcl6,192.4060841,-1.063270436,0.387893174,-2.741142422,0.006122596,0.044500895,279.5327049,241.1219808,158.9252202,90.0444303
Bcl9l,2862.742023,-1.13887236,0.221059732,-5.151876134,2.58E-07,1.45E-05,4514.259065,3360.762154,2012.071769,1563.875106
Bclaf3,767.4738161,1.178300963,0.234117513,5.032946701,4.83E-07,2.52E-05,444.5346488,496.1931672,899.5952278,1229.572221
Bhlhe22,98.93331615,-1.508254949,0.535140018,-2.8184305,0.004825906,0.038049025,113.5601614,179.3469279,68.67139144,34.15478391
Bicd1,1225.134575,1.681319327,0.392929268,4.278936347,1.88E-05,0.000545694,410.5636604,754.253469,1271.401761,2464.319409
Bmp6,99.40550121,-1.680566439,0.433638789,-3.87549841,0.000106407,0.002277657,180.5315386,122.5537341,50.03201376,44.50471842
C1galt1,1262.174152,1.190833724,0.156961223,7.586802043,3.28E-14,9.70E-12,772.5973372,765.213559,1652.037474,1858.848239
C1qtnf12,306.7073945,-1.138828282,0.293252126,-3.88344425,0.000102987,0.002220095,454.2406455,389.5813823,224.653552,158.3539981
CAAA01147332.1,478.5577244,-1.786125737,0.206641461,-8.64359808,5.45E-18,2.98E-15,699.802362,784.1446236,211.9002936,218.3836183
Cabp1,487.9779935,-1.744392352,0.304235479,-5.733691415,9.83E-09,8.17E-07,604.6835943,898.7273831,257.0272079,191.4737886
Cacna1d,227.894817,-1.030249425,0.278415966,-3.700396355,0.000215263,0.003904294,329.0332881,282.9695973,160.8872599,138.6891225
Cacnb2,208.3861329,1.584631499,0.439788651,3.603165965,0.000314365,0.005160675,66.00077755,142.4811705,283.5147446,341.5478391
Calcr,367.9823802,1.61566426,0.474492379,3.40503732,0.00066155,0.009060174,132.9721548,229.165519,333.5467584,776.2450888
Camk2b,325.1829596,1.156465294,0.414497603,2.790040969,0.005270137,0.040266317,138.7957528,264.0385327,347.2810367,550.6165163
Capn5,1264.183056,-1.204619169,0.344977801,-3.491874448,0.000479644,0.007101511,1926.640345,1600.173146,1031.051891,498.8668437
Car3,116.78774,1.622368976,0.481964325,3.366159882,0.000762225,0.010111276,37.85338712,76.72063027,156.9631804,195.6137624
Casr,93.6154857,-1.930485757,0.544579742,-3.544909239,0.000392748,0.006160276,156.2665468,140.4884269,54.93711315,22.76985594
Ccdc141,96.58207924,1.771350888,0.517608544,3.422182473,0.000621206,0.008587158,44.64758481,42.84398833,99.08300764,199.7537362
Ccdc39,94.78637423,1.530512992,0.4100883,3.732154735,0.000189849,0.003555398,42.70638547,54.80045019,129.4946239,152.1440374
Ccdc40,292.5053462,1.08398078,0.395013779,2.744159414,0.006066607,0.044224339,134.9133541,240.125609,317.8504404,477.1319813
Ccdc85a,203.2548636,1.173958024,0.356965083,3.288719489,0.001006443,0.012435754,131.0309554,118.5682468,218.7674327,344.6528194
Ccnc,704.3523612,1.100584393,0.205207592,5.363273279,8.17E-08,5.19E-06,443.5640491,452.352807,855.4493333,1066.043255
Cd248,111.391921,-2.132517411,0.644237141,-3.310143544,0.000932481,0.011748153,254.2971135,108.6045286,58.86119266,23.80484939
Cdc42ep5,496.3978147,-1.047747426,0.300536588,-3.486255808,0.000489832,0.007230649,820.156721,518.1133473,349.2430765,298.0781141
Cdh10,202.3548468,1.803216243,0.64027281,2.81632488,0.004857652,0.038217833,38.82398679,141.4847987,209.9382538,419.172348
Cdh5,679.9136929,-2.352161273,0.480256997,-4.897713702,9.70E-07,4.57E-05,1323.89795,950.5387179,335.5087982,109.7093059
Cdkn1c,1676.571877,-1.466031477,0.234449455,-6.253081191,4.02E-10,4.54E-08,2812.797843,2111.31189,1017.317613,764.8601608
Ceacam15,39.91428828,-5.265550445,0.946212548,-5.564870656,2.62E-08,1.95E-06,69.88317623,85.68797666,0.981019878,3.104980355
Ceacam9,146.3762807,-3.979586789,0.803803225,-4.950946533,7.39E-07,3.64E-05,244.5911168,305.8861492,2.943059633,32.084797
Cebpb,116.0523833,-1.523343811,0.393692628,-3.869373468,0.000109115,0.002315532,200.9141317,143.4775423,60.82323242,58.99462675
Cenpk,529.3762646,1.372989911,0.190764966,7.197285421,6.14E-13,1.40E-10,300.8858977,288.9478283,789.7210015,737.9503311
Cer1,461.2433365,2.587367575,0.421646652,6.136340853,8.44E-10,8.80E-08,185.3845369,77.71700209,895.6711483,686.2006585
Cfap43,77.50023512,1.484244601,0.424756459,3.494342626,0.000475231,0.007074056,39.79458646,41.84761651,119.6844251,108.6743124
Cgnl1,4696.016046,-1.143711746,0.266811786,-4.286586305,1.81E-05,0.000530371,7781.297553,5150.245946,3449.26589,2403.254795
Chrd,187.9697037,1.502733416,0.359842781,4.176083265,2.97E-05,0.000778671,121.3249587,74.72788662,281.5527049,274.2732647
Chst1,326.989472,1.735339229,0.422216484,4.11006982,3.96E-05,0.00099497,103.8541647,198.2779925,379.6546927,626.1710383
Chst15,921.5220506,-1.062962606,0.331132848,-3.210079016,0.001326985,0.015132948,1584.018661,908.6911013,488.5478991,704.8305406
Clgn,144.9884831,1.769345823,0.605237495,2.923390963,0.003462415,0.030501832,35.91218779,95.65169488,146.1719618,302.2180879
Clmp,361.6654834,-1.021049498,0.326652005,-3.125802023,0.001773209,0.018650134,532.8592188,436.4108579,296.2680031,181.1238541
Cmtm3,932.1216348,-1.007451159,0.316513398,-3.18296529,0.001457751,0.016163113,1534.518078,955.520577,741.6510275,496.7968568
Col13a1,305.1177271,-1.70613486,0.617808509,-2.761591715,0.005752036,0.042688591,461.0348432,473.2766153,235.4447706,50.71467914
Col27a1,373.8826379,-1.120958802,0.241988199,-4.632287059,3.62E-06,0.000143025,511.506026,513.1314881,263.8943471,206.9986903
Col3a1,94.07703619,-1.83047445,0.521749413,-3.508340217,0.000450912,0.006826448,196.0611333,97.64443852,41.20283486,41.39973807
Col4a2,4891.356565,-1.240310324,0.324244154,-3.825235728,0.000130647,0.002669061,8483.041115,5263.832334,3709.236157,2109.316655
Cp,47.71101512,1.987716228,0.572830688,3.469989073,0.00052048,0.007562292,15.52959472,22.9165519,70.63343119,81.76448269
Creb3l1,456.4102416,-1.15307282,0.351973714,-3.276019702,0.001052812,0.01280604,787.1563323,472.2802435,337.4708379,228.7335528
Creb3l2,800.3162012,-1.016674291,0.334462588,-3.039725004,0.002367943,0.022891659,1301.574157,840.9378175,659.2453578,399.5074724
Crispld2,75.73164412,-1.319031221,0.425290764,-3.101480997,0.001925552,0.019709927,111.618962,104.6190413,42.18385474,44.50471842
Crmp1,1152.101779,1.374814709,0.408157542,3.368343268,0.000756214,0.010049558,405.710662,876.807203,1214.502609,2111.386642
Ctnna2,71.43117745,1.623449022,0.527628294,3.076880142,0.002091794,0.021061759,27.17679076,42.84398833,86.32974924,129.3741815
Ctnnd2,242.1872178,1.277674058,0.430140492,2.970364526,0.002974466,0.027191175,116.4719604,166.3940942,231.5206911,454.3621253
Ctsh,552.7381053,-1.348269092,0.449031506,-3.002615797,0.002676701,0.025089409,1114.248421,473.2766153,388.4838716,234.9435135
Ctsj,43.72537572,-5.057327955,1.027855737,-4.920270204,8.64E-07,4.16E-05,62.11837887,107.6081567,0,5.174967259
Cxxc5,1950.827131,1.844646027,0.211792983,8.709665444,3.05E-18,1.80E-15,953.1288758,746.2824944,3413.949174,2689.947981
Cyct,49.67068099,2.059460297,0.620433607,3.319388687,0.000902148,0.011493252,15.52959472,22.9165519,59.84221254,100.3943648
Cyp2s1,415.5823845,-1.577438504,0.517974305,-3.045399143,0.002323717,0.022626793,682.3315679,562.9500792,320.7935,96.25439101
Cyyr1,164.0800964,1.030218904,0.383015529,2.689757531,0.007150395,0.049283082,94.14816798,121.5573622,174.6215382,265.9933171
D430019H16Rik,228.423143,1.238167637,0.319395524,3.876596714,0.000105928,0.002270691,110.6483624,161.4122351,302.1541223,339.4778522
Dcaf12l1,380.10156,1.341933702,0.401675874,3.340837201,0.000835262,0.010799131,201.8847313,228.1691472,348.2620566,742.0903049
Dcc,36.96442191,2.78693143,0.667137609,4.177446143,2.95E-05,0.000775871,7.764797359,10.96009004,60.82323242,68.30956781
Dcun1d1,879.0658397,1.078219866,0.163190616,6.607119304,3.92E-11,6.10E-09,551.3006125,578.8920284,1234.123006,1151.947712
Ddx3y,278.2459535,2.279378006,0.371359217,6.13793304,8.36E-10,8.78E-08,79.58917293,110.5972722,571.9345887,350.8627801
Ddx60,45.14335184,2.594334512,0.666866293,3.890336848,0.000100105,0.002164701,8.735397029,16.93832097,62.78527217,92.11441721
Depdc1a,376.6330734,2.055904005,0.222767316,9.228930156,2.73E-20,2.51E-17,143.6487511,148.4594014,632.7578211,581.6663199
Dkkl1,54.89471235,-1.503411069,0.513692559,-2.926674803,0.003426069,0.030310048,76.67737392,85.68797666,32.37365596,24.83984284
Dlg5,8368.97581,-1.220244206,0.279681225,-4.362982207,1.28E-05,0.000409908,13050.68316,10372.23066,6394.287563,3658.701852
Dlx3,209.3240708,-1.559270708,0.491706788,-3.171139277,0.001518423,0.0166952,315.4448927,309.8716365,154.0201208,57.9596333
Dmd,692.4697189,1.661176043,0.410499712,4.046716711,5.19E-05,0.001255327,231.0027214,434.4181142,727.9167492,1376.541291
Dpf3,384.5456548,-1.863966346,0.465794612,-4.001691515,6.29E-05,0.001476547,665.8313735,541.0298992,242.3119098,89.00943685
Dpysl4,141.2183864,1.696665705,0.455934734,3.721290742,0.000198207,0.003683016,49.50058316,83.69523302,167.7543991,263.9233302
Dsel,695.1311523,1.593857179,0.212834816,7.488705149,6.96E-14,1.94E-11,321.2684907,370.6503177,940.7980627,1147.807738
Dsp,12592.41816,-1.294995379,0.298760892,-4.334554536,1.46E-05,0.000446345,19615.81933,16170.11829,9562.981768,5020.753234
Dtna,371.8184201,1.956420126,0.555875629,3.519528514,0.000432315,0.006592129,80.5597726,224.1836599,365.9204144,816.6098334
Dtx4,688.5986699,1.776493013,0.466915359,3.804743149,0.000141951,0.002848851,201.8847313,420.4689087,659.2453578,1472.795682
E430024I08Rik,340.0881504,1.116456058,0.228200473,4.892435341,9.96E-07,4.65E-05,229.0615221,200.2707362,460.0983226,470.9220205
Ebf1,487.1699341,1.996321817,0.485399666,4.112738342,3.91E-05,0.000986892,112.5895617,277.9877382,537.598893,1020.503543
Efemp2,693.1341026,-1.034081884,0.305163809,-3.388612452,0.000702472,0.009514896,1096.777627,766.2099308,549.3711315,360.1777212
Efnb1,1516.773998,-1.209290906,0.33795481,-3.578262154,0.000345886,0.005530818,2439.11697,1796.458394,1211.559549,619.9610776
Eif2s3y,502.5116332,3.114635755,0.372794061,8.35484275,6.55E-17,3.03E-14,78.61857326,129.5283368,1129.153879,672.7457436
Eif5a2,801.6670089,1.17407132,0.17981074,6.529483824,6.60E-11,9.66E-09,478.5056372,506.1568854,1036.938011,1185.067502
Elavl2,923.5505396,1.251291062,0.306317207,4.084951912,4.41E-05,0.001086776,460.0642435,632.6961067,987.8870168,1613.554791
Elavl4,66.04045988,2.271742066,0.50082418,4.536007156,5.73E-06,0.00021252,18.44139373,26.90203918,104.9691269,113.8492797
Elf4,221.968011,-1.174770333,0.356014099,-3.299785983,0.000967586,0.012067085,350.3864808,265.0349046,164.8113394,107.639319
Ell2,1844.379169,1.057355475,0.332274194,3.182177529,0.001461722,0.016182881,894.8928956,1499.539592,1869.823887,3113.260303
Elovl4,573.8797772,1.006798627,0.226597578,4.443112918,8.87E-06,0.000302879,356.2100788,406.5197032,677.8847355,854.9045911
Emilin2,215.1968321,-1.42527999,0.348669555,-4.087767257,4.36E-05,0.001077281,351.3570805,275.9949946,140.2858425,93.14941066
Eno2,563.108735,-1.005060475,0.286424672,-3.508987082,0.000449817,0.006816844,786.1857326,717.3877116,460.0983226,288.763173
Entpd1,35.2332899,-2.586252722,0.664954605,-3.889367337,0.000100506,0.002170194,65.03017788,55.79682201,10.79121865,9.314941066
Epha7,1405.911939,1.467288271,0.223209561,6.573590607,4.91E-11,7.41E-09,631.8603851,861.8616257,1875.710006,2254.215738
Epn3,68.21327065,-1.866830985,0.512742665,-3.640873115,0.000271715,0.004686673,118.4131597,95.65169488,22.56345719,36.22477081
Eps8l1,161.7027929,-1.157581458,0.3341824,-3.463921069,0.000532363,0.007719781,253.3265138,193.2961334,104.9691269,95.21939756
Eps8l2,289.2830657,-1.114786756,0.276565648,-4.030821491,5.56E-05,0.001332632,436.7698514,354.7083685,163.8303196,201.8237231
Erdr1,237.9579212,-1.13094525,0.310726675,-3.639678665,0.000272978,0.00468946,349.4158812,303.8934056,123.6085046,174.9138933
Esco2,2124.530547,1.106084037,0.145323531,7.611183324,2.72E-14,8.20E-12,1339.427544,1356.062049,2719.387101,3083.245493
EU599041,186.729747,1.978477948,0.645220695,3.066358478,0.002166834,0.02160099,47.55938382,103.6226695,139.3048226,456.4321122
Exoc3l2,241.0426338,-1.480986234,0.450211798,-3.289532258,0.001003541,0.012410843,390.1810673,319.8353547,177.5645979,76.58951543
Extl1,82.34111953,-1.807342037,0.473299373,-3.81860222,0.00013421,0.002719315,143.6487511,112.5900158,44.1458945,28.97981665
Fabp7,150.7378205,2.092118546,0.469988564,4.451424372,8.53E-06,0.000292063,36.88278746,77.71700209,209.9382538,278.4132385
Fam111a,283.2286059,1.085749433,0.235455881,4.611264872,4.00E-06,0.000156347,181.5021383,181.3396715,394.3699908,375.702623
Fam171b,622.4684569,1.372952675,0.447122266,3.070642594,0.002135987,0.021361311,221.2967247,472.2802435,610.1943639,1186.102496
Fat4,390.9920203,-1.244440459,0.35753445,-3.480616932,0.00050026,0.007340627,640.5957821,459.3274098,294.3059633,169.7389261
Fev,64.74166798,-2.597373748,0.761900053,-3.409074114,0.000651838,0.008935432,106.7659637,115.5791313,30.41161621,6.20996071
Fez1,67.38460504,2.225432489,0.690430161,3.22325503,0.001267427,0.014650379,11.64719604,35.86938558,84.36770948,137.6541291
Fgd5,1151.28701,-1.069026802,0.398308766,-2.683914826,0.007276564,0.04994323,1755.814803,1363.036652,1052.634329,433.6622563
Fgf14,34.43696044,2.952265952,0.78290635,3.770905614,0.000162656,0.00316976,6.794197689,8.967346395,40.22181498,81.76448269
Fgfr2,1763.424969,-1.225294552,0.282869025,-4.33166746,1.48E-05,0.000451306,3091.359949,1849.266101,1173.299774,939.7740542
Fgfr3,218.7711675,-1.443174316,0.493256061,-2.925811623,0.003435589,0.030344222,443.5640491,196.2852489,145.1909419,90.0444303
Fmn2,293.5620223,1.417151095,0.484644059,2.924107021,0.00345446,0.030468045,109.6777627,210.2344544,273.7045459,580.6313264
Foxf2,37.94431588,-2.65273693,0.984698193,-2.693959375,0.007060877,0.048889318,94.14816798,36.8657574,17.6583578,3.104980355
Foxg1,145.4676269,3.188385218,0.834761917,3.819514466,0.000133715,0.002716721,8.735397029,48.82221926,120.665445,403.6474462
Foxh1,3319.466389,-1.088888517,0.235792664,-4.617991503,3.87E-06,0.000152019,4880.17514,4151.881381,2553.594742,1692.214294
Foxj1,124.8535479,1.774546095,0.355858656,4.986659915,6.14E-07,3.10E-05,62.11837887,50.8149629,199.1470352,187.3338148
Foxq1,507.7502286,-1.308279214,0.411650828,-3.178128461,0.001482291,0.016361612,1011.364856,435.4144861,310.9833012,273.2382713
Frat1,636.5429266,-1.193083591,0.354337111,-3.367086185,0.000759669,0.010086419,897.8046946,873.8180876,519.9405352,254.6083891
Frmd5,408.7473795,1.114941679,0.333475397,3.343400114,0.000827585,0.010718988,213.5319274,302.8970338,437.5348654,681.0256912
Frmd6,1388.239119,-1.139851214,0.345309923,-3.300951224,0.000963576,0.01203738,2339.145204,1480.608527,1117.381641,615.8211038
Fsd1l,367.8412775,1.051060794,0.271300684,3.874154601,0.000106995,0.002283651,239.7381185,239.1292372,414.9714083,577.5263461
Fstl3,33.88886488,-1.99181145,0.652247151,-3.053767957,0.002259868,0.022156837,48.52998349,59.7823093,12.75325841,14.48990832
Fut9,582.6304418,2.915971533,0.500679976,5.82402268,5.74E-09,5.06E-07,86.38337062,186.3215306,597.4411055,1460.37576
Fzd3,2504.806112,1.26302012,0.189506802,6.664774588,2.65E-11,4.29E-09,1328.750948,1618.107838,3174.580324,3897.785339
G2e3,5044.656818,1.522351473,0.157343992,9.675307268,3.84E-22,4.06E-19,2376.027992,2834.677833,7076.096378,7891.82507
Gabra3,168.4799676,1.755078473,0.500756188,3.504856288,0.000456854,0.006881186,52.41238217,101.6299258,182.4696972,337.4078653
Gabra4,70.47355246,2.527093094,0.857292734,2.947759841,0.003200856,0.028850618,4.852998349,36.8657574,111.8362661,128.339188
Gabrb3,356.3664281,1.212578352,0.42431187,2.857752609,0.004266529,0.035059016,139.7663525,289.9442001,393.3889709,602.3661889
Gabre,764.1326459,-1.248822329,0.371686712,-3.359878864,0.000779767,0.010300216,1226.837983,924.6330505,612.1564037,292.9031468
Gata3,547.0999731,-1.587919901,0.461586345,-3.440136211,0.000581421,0.008229479,926.9226847,715.3949679,402.2181498,143.8640898
Gatm,120.4640896,1.233780834,0.364090321,3.388666938,0.000702333,0.009514896,64.05957821,79.70974573,156.9631804,181.1238541
Gca,183.3385798,2.081873376,0.484322627,4.298525943,1.72E-05,0.0005066,50.47118283,89.67346395,204.0521346,389.1575379
Gfra1,73.69099895,2.491555087,0.708057852,3.518858071,0.000433409,0.006602003,11.64719604,32.88027011,79.46261009,170.7739195
Gjb2,257.1945622,-2.824718965,0.348233125,-8.111574591,5.00E-16,1.85E-13,488.2116339,413.494306,79.46261009,47.60969878
Gjb3,420.9661897,-1.144190688,0.26978481,-4.241123467,2.22E-05,0.000624888,508.594227,650.6307995,227.5966116,297.0431206
Gjb5,99.04555741,-1.581673636,0.432597321,-3.656226147,0.000255956,0.004459174,144.6193508,152.4448887,60.82323242,38.29475771
Gk,414.1352117,1.03353573,0.28495903,3.626962554,0.000286775,0.004836587,239.7381185,303.8934056,465.003422,647.9059008
Gm10033,1257.386502,1.18243018,0.14913504,7.928587263,2.22E-15,7.62E-13,795.8917293,742.2970071,1705.993567,1785.363704
Gm10226,38.22087281,1.730913157,0.608195831,2.845979979,0.004427498,0.035922721,17.47079406,17.93469279,65.7283318,51.74967259
Gm13230,55.78267891,1.897003817,0.623093136,3.044494808,0.002330715,0.022679999,23.29439208,23.91292372,56.8991529,119.024247
Gm13436,623.1335122,-1.500025807,0.198334085,-7.563126663,3.93E-14,1.14E-11,899.745894,941.5713715,297.2490229,353.9677605
Gm14124,176.6371339,1.917074972,0.592050587,3.238025627,0.0012036,0.014162647,58.23598019,89.67346395,136.361763,422.2773283
Gm14139,97.4534576,2.213264554,0.782024039,2.830174575,0.004652261,0.037195457,22.32379241,46.82947562,59.84221254,260.8183498
Gm15222,213.139543,-2.210641262,0.690361122,-3.202152023,0.00136405,0.015460278,421.2402567,279.9804819,127.5325841,23.80484939
Gm15446,259.4756047,1.053878983,0.258004892,4.084724807,4.41E-05,0.001086776,165.0019439,172.3723251,322.7555398,377.7726099
Gm16185,478.6616003,1.678441469,0.233495617,7.188321101,6.56E-13,1.47E-10,246.5323161,209.2380825,798.5501804,660.3258222
Gm16386,106.8997442,1.457666182,0.365922665,3.983536196,6.79E-05,0.001576561,54.35358151,59.7823093,153.0391009,160.423985
Gm17066,335.0600632,3.023075218,0.303141554,9.97248705,2.01E-23,2.46E-20,59.20657986,87.6807203,545.447052,647.9059008
Gm17067,246.5306101,1.627253099,0.59715645,2.72500297,0.006430091,0.04587915,73.76557491,167.390466,192.279896,552.6865032
Gm18363,189.0484633,1.56113065,0.438652416,3.558924089,0.000372377,0.005890727,70.8537759,120.5609904,212.8813135,351.8977736
Gm20008,774.0271949,1.421174172,0.194954623,7.289769033,3.10E-13,8.06E-11,377.5632716,464.3092689,1109.533482,1144.702758
Gm20541,172.7316968,1.459621333,0.337132551,4.32951766,1.49E-05,0.000453863,77.64797359,106.6117849,234.4637508,272.2032778
Gm20628,1040.383735,1.039492248,0.251854749,4.127348221,3.67E-05,0.000932622,682.3315679,679.5255824,1109.533482,1690.144307
Gm20667,169.0310315,1.157266735,0.327918345,3.529130811,0.000416927,0.006417031,112.5895617,96.6480667,205.0331544,261.8533433
Gm20939,280.5742442,2.343473381,0.306053633,7.657067666,1.90E-14,5.99E-12,99.971766,84.69160484,396.3320306,541.3015753
Gm21411,182.0119904,2.574966442,0.631396762,4.0782066,4.54E-05,0.001115085,36.88278746,67.75328387,144.209922,479.2019682
Gm2381,131.4032914,2.038712683,0.703107643,2.899574061,0.003736701,0.032359214,27.17679076,75.72425845,104.9691269,317.7429897
Gm23935,3961.931846,-1.936313824,0.333725859,-5.802109044,6.55E-09,5.63E-07,8574.277484,3990.469146,1674.600931,1608.379824
Gm26315,36.38054094,-1.814464007,0.637279269,-2.847203882,0.004410511,0.035855235,47.55938382,65.76054023,16.67733792,15.52490178
Gm26397,189.6594725,-1.080545295,0.392292262,-2.754439484,0.005879276,0.043328537,187.3257363,327.8063293,126.5515642,116.95426
Gm2670,129.2693773,-2.04079995,0.696718059,-2.929161839,0.003398774,0.030120592,239.7381185,176.3578124,83.3866896,17.59488868
Gm26944,100.8813249,1.559257365,0.393649561,3.961029094,7.46E-05,0.001695567,51.4417825,50.8149629,167.7543991,133.5141553
Gm28438,136.6772884,2.120378082,0.33870233,6.260299659,3.84E-10,4.41E-08,53.38298184,48.82221926,216.805393,227.6985594
Gm29417,75.56872163,-1.262689724,0.443737184,-2.845580151,0.00443306,0.035948132,109.6777627,103.6226695,38.25977523,50.71467914
Gm32885,50.75854847,2.847856421,0.983480445,2.895691963,0.003783236,0.032552553,4.852998349,19.92743643,33.35467584,144.8990832
Gm3325,449.9981286,1.990718338,0.243305071,8.181984566,2.79E-16,1.15E-13,183.4433376,178.3505561,628.8337416,809.3648793
Gm35315,312.5150674,1.650331758,0.28998904,5.691014247,1.26E-08,1.02E-06,147.5311498,154.4376324,394.3699908,553.7214967
Gm3604,193.2951408,2.18196555,0.346450101,6.298065857,3.01E-10,3.62E-08,71.82437557,67.75328387,259.9702676,373.6326361
Gm36298,63.91863201,1.937777031,0.554551776,3.494312194,0.000475285,0.007074056,34.94158812,17.93469279,95.15892813,107.639319
Gm36989,230.5329251,3.442438094,0.300158192,11.4687461,1.89E-30,4.67E-27,38.82398679,38.85850104,434.5918058,409.8574069
Gm37060,40.76994768,1.800540793,0.636321022,2.82961073,0.004660467,0.037220824,19.4119934,16.93832097,48.06997401,78.65950233
Gm37115,97.6887548,1.244441555,0.377518465,3.296372679,0.00097942,0.012183853,60.17717953,55.79682201,141.2668624,133.5141553
Gm37494,1299.069502,1.061210884,0.15102895,7.026539496,2.12E-12,4.18E-10,844.4217128,838.9450738,1671.657872,1841.253351
Gm37558,136.4841114,1.159209857,0.35375178,3.276901837,0.001049529,0.01278713,96.08936732,72.73514298,200.128055,176.9838802
Gm3764,34.35971718,2.261614332,0.801946744,2.820155265,0.004800042,0.037944001,6.794197689,16.93832097,40.22181498,73.48453507
Gm37902,70.10048428,1.238132271,0.457352983,2.707169989,0.00678595,0.047456732,45.61818448,37.86212922,107.9121865,89.00943685
Gm38104,33.79120978,2.393353161,0.667959228,3.583082711,0.000339563,0.005453286,11.64719604,9.963718216,61.80425229,51.74967259
Gm38372,286.8170169,1.049124932,0.238682794,4.395477848,1.11E-05,0.000359399,182.4727379,191.3033898,369.8444939,403.6474462
Gm38393,5418.78374,2.187512968,0.266286508,8.214884729,2.12E-16,9.24E-14,1497.635291,2404.245206,7631.353628,10141.90083
Gm42463,64.07058187,1.52931584,0.467949843,3.268119145,0.001082648,0.013061536,30.08858977,35.86938558,96.13994801,94.18440411
Gm42664,436.0534432,1.55391691,0.214464878,7.245554267,4.31E-13,1.04E-10,235.8557198,207.2453389,674.9416758,626.1710383
Gm43201,35.67399025,2.006291297,0.683232685,2.936468559,0.003319725,0.029686849,17.47079406,10.96009004,67.69037156,46.57470533
Gm43300,115.1256551,1.86346302,0.390797689,4.768357316,1.86E-06,8.03E-05,50.47118283,48.82221926,206.9951942,154.2140243
Gm43313,100.3425197,1.494181051,0.396586522,3.767604216,0.000164822,0.00320352,54.35358151,50.8149629,165.7923593,130.4091749
Gm43361,319.000399,1.094137513,0.258577218,4.23137631,2.32E-05,0.000644548,208.678929,198.2779925,382.5977523,486.4469223
Gm43980,640.2463199,1.75944909,0.198767771,8.851782584,8.61E-19,6.07E-16,296.0328993,287.9514565,1069.311667,907.6892572
Gm44686,91.74507006,1.672624711,0.424361965,3.94150477,8.10E-05,0.001806421,37.85338712,49.81859108,153.0391009,126.2692011
Gm45223,210.7877621,1.083352846,0.282189205,3.839100949,0.000123486,0.002561635,136.8545535,133.5138241,311.9643211,260.8183498
Gm45871,308.2918861,1.625452538,0.258881955,6.278740196,3.41E-10,4.01E-08,154.3253475,147.4630296,415.9524281,515.426739
Gm45872,42.3348375,2.245174946,0.635692111,3.531859069,0.000412649,0.006364436,15.52959472,13.9492055,53.95609327,85.90445649
Gm46339,99.04806263,1.545101135,0.485303316,3.183784419,0.001453632,0.016129539,59.20657986,41.84761651,109.8742263,185.2638279
Gm47469,132.4583274,1.117340338,0.324745086,3.440668963,0.000580278,0.008229043,83.47157161,83.69523302,180.5076575,182.1588475
Gm47585,77.81817966,1.656270511,0.545305756,3.037324459,0.002386884,0.023044647,28.14739043,46.82947562,88.29178899,148.0040636
Gm47761,73.470515,-1.356052258,0.431384822,-3.143486255,0.001669483,0.017892594,108.707163,102.6262976,42.18385474,40.36474462
Gm4924,372.8258211,1.26515885,0.267437996,4.73066232,2.24E-06,9.48E-05,197.031733,241.1219808,460.0983226,593.0512478
Gm49328,71.55561749,1.572671872,0.518364505,3.03391119,0.002414055,0.023246279,26.20619109,45.8331038,95.15892813,119.024247
Gm49331,122.3198698,1.48505896,0.358977158,4.136917706,3.52E-05,0.0009039,66.97137722,61.77505294,162.8492997,197.6837493
Gm49760,158.5491919,1.242350178,0.408511511,3.041163211,0.00235666,0.022857289,69.88317623,118.5682468,194.2419358,251.5034088
Gm49883,133.824321,1.167197063,0.352896665,3.307475474,0.00094141,0.01182654,94.14816798,70.74239934,190.3178563,180.0888606
Gm50399,59.20472308,-2.776280151,0.533790675,-5.201065288,1.98E-07,1.14E-05,96.08936732,110.5972722,16.67733792,13.45491487
Gm5141,305.4130044,1.843619375,0.261185983,7.058645926,1.68E-12,3.41E-10,146.5605502,119.5646186,447.3450642,508.1817848
Gm5165,346.4502862,1.476696076,0.271006528,5.448931754,5.07E-08,3.35E-06,163.0607445,203.2598516,451.2691437,568.211405
Gm6254,42.6246842,1.686350857,0.601342184,2.804311594,0.005042415,0.039060586,15.52959472,24.90929554,62.78527217,67.27457436
Gm6445,74.28632315,2.163974572,0.58468311,3.701106695,0.000214661,0.003904294,22.32379241,31.88389829,80.44362997,162.4939719
Gm6658,70.95523635,1.481480619,0.527320685,2.809449091,0.004962637,0.038717964,33.97098845,40.85124469,76.51955046,132.4791618
Gm6682,85.1503678,-1.39416079,0.499642115,-2.790318805,0.005265616,0.040266317,89.29516963,157.4267478,43.16487462,50.71467914
Gm6871,190.0742454,1.601895683,0.502224421,3.189601331,0.001424692,0.015931717,71.82437557,116.5755031,177.5645979,394.3325051
Gm7072,525.9096422,2.214700467,0.197955534,11.18786841,4.68E-29,9.88E-26,177.6197396,195.288877,861.3354526,869.3944995
Gm7240,110.3562487,1.973130858,0.406391032,4.855251965,1.20E-06,5.49E-05,39.79458646,49.81859108,152.058081,199.7537362
Gm8066,112.1955607,-1.218579354,0.359098937,-3.393436265,0.000690216,0.009391893,147.5311498,166.3940942,69.65241131,65.20458746
Gm9801,60.0946474,1.651041397,0.481182214,3.431218672,0.000600876,0.008408285,27.17679076,30.88752647,91.23484862,91.07942375
Gm9805,35.42826134,2.897158436,0.78296478,3.700241068,0.000215395,0.003904294,5.823598019,10.96009004,43.16487462,81.76448269
Gpat3,81.80919166,-1.166731667,0.416119935,-2.803835069,0.005049873,0.039065205,104.8247643,121.5573622,48.06997401,52.78466604
Gpbp1,2961.791335,1.050615134,0.124550243,8.435271643,3.30E-17,1.63E-14,1981.964526,1875.171768,3933.889709,4056.139337
Gpm6a,133.7647967,2.614462764,0.545172158,4.795664497,1.62E-06,7.12E-05,21.35319274,53.80407837,181.4886774,278.4132385
Gpm6b,368.9512116,1.387209293,0.276995813,5.008051479,5.50E-07,2.80E-05,241.6793178,166.3940942,533.6748135,534.0566211
Gpr157,122.4710772,-1.247847308,0.42335122,-2.947546264,0.003203068,0.028852973,184.4139373,160.4158633,91.23484862,53.81965949
Gsdme,681.1633253,1.442757003,0.188972656,7.634739504,2.26E-14,6.97E-12,356.2100788,376.6285486,1063.425547,928.3891262
Gt(ROSA)26Sor,169.3366169,1.892423839,0.335430049,5.64178386,1.68E-08,1.31E-06,63.08897854,80.70611755,291.3629037,242.1884677
Haus3,1133.647709,1.033231466,0.151023866,6.84151116,7.84E-12,1.40E-09,718.2437557,770.1954181,1501.941433,1544.21023
Hdac7,2194.749721,-1.235766165,0.312687762,-3.952077164,7.75E-05,0.001741556,3413.599039,2748.989856,1712.860706,903.5492834
Hdgfl3,830.0951785,1.120503769,0.21373989,5.242370849,1.59E-07,9.27E-06,453.2700458,592.8412339,1084.026965,1190.24247
Hecw1,93.44955968,1.57889566,0.53600663,2.945664422,0.003222618,0.028958533,33.97098845,59.7823093,102.0260673,178.0188737
Helz2,584.257998,-1.147423095,0.225648968,-5.084991559,3.68E-07,1.98E-05,779.3915349,830.9740993,412.0283486,314.6380093
Heph,206.3743261,1.091565277,0.271022601,4.027580252,5.64E-05,0.001344403,126.1779571,137.4993114,285.4767844,276.3432516
Hid1,118.0793175,1.082458534,0.39173031,2.763274899,0.005722455,0.042554464,74.73617458,76.72063027,131.4566636,189.4038017
Hist1h2al,1118.686229,-1.185687751,0.230592474,-5.141918691,2.72E-07,1.52E-05,1286.044563,1822.364062,712.2204312,654.1158615
Hlf,74.99077205,1.824321168,0.514246978,3.547558367,0.00038882,0.006111616,26.20619109,39.85487287,94.17790826,139.724116
Hltf,1981.53499,1.05791598,0.288931665,3.661474695,0.000250768,0.004384284,1121.042619,1450.717372,1987.546272,3366.833699
Hoxa1,103.6711909,-1.594558979,0.507926394,-3.139350498,0.001693228,0.018018612,198.0023327,113.5863877,63.76629205,39.32975117
Hoxa13,52.69256803,-2.237619216,0.681057402,-3.28550752,0.001017988,0.012536274,89.29516963,84.69160484,27.46855657,9.314941066
Hoxb8,50.33761558,-1.594787966,0.570773351,-2.794082736,0.005204716,0.039964611,79.58917293,71.73877116,31.39263609,18.62988213
Hoxc6,42.18111104,-1.77631718,0.599185098,-2.964555,0.003031211,0.027590545,70.8537759,59.7823093,22.56345719,15.52490178
Hspa12b,343.7870341,-1.182754816,0.346622032,-3.412232071,0.000644332,0.00884895,554.2124115,400.5414723,259.9702676,160.423985
Hspe1,1858.266542,1.187078758,0.185337248,6.404965935,1.50E-10,1.93E-08,1068.630237,1199.631673,2291.662434,2873.141822
Htra1,127.9731411,-1.091388554,0.382551097,-2.852922293,0.004331921,0.035419264,202.855331,145.470286,74.5575107,89.00943685
Idi1,366.6948577,1.246401071,0.220433291,5.654323195,1.56E-08,1.24E-06,204.7965303,230.1618908,509.1493165,522.6716931
Ier5l,1018.85043,-1.211897762,0.201570379,-6.012281008,1.83E-09,1.83E-07,1457.840704,1388.942319,694.5620734,534.0566211
Ikzf5,41.26988186,1.825149642,0.588401355,3.101878719,0.001922967,0.019697097,20.38259307,15.94194915,67.69037156,61.06461365
Ildr2,195.0205729,2.253585461,0.458609789,4.913949759,8.93E-07,4.25E-05,46.58878415,88.67709213,244.2739495,400.5424658
Immp1l,233.1203535,1.239566593,0.269878541,4.593053552,4.37E-06,0.00016825,134.9133541,142.4811705,302.1541223,352.932767
Inf2,1509.231733,-1.171645343,0.252051697,-4.648432664,3.34E-06,0.000133345,2388.645788,1792.472907,1089.913084,765.8951543
Irs3,48.40900565,-1.839629281,0.537471174,-3.422749665,0.000619911,0.008587158,78.61857326,72.73514298,21.58243731,20.69986903
Itgb3,238.7408786,-1.321646221,0.383696607,-3.444508496,0.000572099,0.008159992,427.0638547,255.0711863,157.9442003,114.8842731
Itpr2,443.8235303,-1.076894565,0.369895756,-2.911346097,0.003598751,0.031390805,717.273156,487.2258208,366.9014342,203.89371
Jak3,613.9263386,-1.0329893,0.17771778,-5.812526473,6.15E-09,5.35E-07,843.4511131,806.0648037,396.3320306,409.8574069
Jakmip2,317.7046877,1.756934428,0.431306048,4.073521425,4.63E-05,0.001132125,103.8541647,186.3215306,348.2620566,632.380999
Jcad,1728.011434,-1.156916646,0.345505878,-3.348471675,0.000812586,0.010591701,2945.769998,1826.349549,1381.275988,758.6502001
Kalrn,1165.359908,-1.164981706,0.329526559,-3.535319612,0.000407282,0.006308409,2003.317719,1220.555482,884.8799297,552.6865032
Katnbl1,724.9516181,1.23881124,0.170457017,7.267587241,3.66E-13,9.17E-11,444.5346488,418.4761651,1035.956991,1000.838668
Kazald1,43.39941325,-1.873392486,0.595179427,-3.147609613,0.001646114,0.017759058,79.58917293,56.79319383,19.62039755,17.59488868
Kbtbd7,504.4168927,1.207425601,0.242407491,4.980974786,6.33E-07,3.17E-05,264.0031102,345.7410221,652.3782187,755.5452198
Kbtbd8,1067.591118,1.233772831,0.222903255,5.535014872,3.11E-08,2.24E-06,615.3601907,658.6017741,1258.648503,1737.754005
Kcnip4,56.54210316,1.405201742,0.489452712,2.870965279,0.004092205,0.034138635,29.1179901,32.88027011,82.40566972,81.76448269
Kcnq5,235.4707638,-1.844236485,0.682329623,-2.702852729,0.00687472,0.047918936,506.6530277,230.1618908,166.7733792,38.29475771
Kcnt2,197.7761902,1.276085333,0.307037288,4.156124943,3.24E-05,0.000835552,112.5895617,118.5682468,244.2739495,315.6730028
Kctd12b,384.1262842,2.689701866,0.536605747,5.01243582,5.37E-07,2.76E-05,76.67737392,129.5283368,332.5657385,997.7336875
Kif26b,591.5504977,-2.061673747,0.511072276,-4.034016019,5.48E-05,0.001318722,1198.690592,710.4131088,345.3189969,111.7792928
Kifc2,2321.679826,-1.042938855,0.224006424,-4.655843499,3.23E-06,0.000130394,3329.156868,2923.354925,1794.285356,1239.922155
Kis2,749.166954,1.365294135,0.416724187,3.276253639,0.00105194,0.012805968,262.0619109,575.9029129,814.2464985,1344.456494
Klhl4,223.322311,2.233880813,0.497825269,4.487278876,7.21E-06,0.000253445,68.91257656,87.6807203,210.9192737,525.7766735
Krt7,145.6953509,-2.042056686,0.326358107,-6.257104211,3.92E-10,4.46E-08,239.7381185,229.165519,55.91813303,57.9596333
Ksr1,859.515931,-1.227736324,0.338876149,-3.622964692,0.000291246,0.004894849,1416.104918,993.3827062,662.1884174,366.3876819
L1cam,616.1952846,-1.80319369,0.367382645,-4.908216857,9.19E-07,4.34E-05,1012.335456,903.7092422,372.7875535,175.9488868
Lamb2,1470.619434,-1.031488071,0.256262994,-4.025115193,5.69E-05,0.001354195,2423.587376,1526.441631,976.1147783,956.3339494
Lcorl,1148.17359,1.126613078,0.165780618,6.795806961,1.08E-11,1.87E-09,711.449558,731.3369171,1685.39215,1464.515734
Ldoc1,50.01265917,-2.528425353,0.729608322,-3.465455746,0.000529334,0.007683389,73.76557491,96.6480667,6.867139144,22.76985594
Lgals1,2042.398958,-1.18889153,0.244520295,-4.862138456,1.16E-06,5.35E-05,3243.744097,2435.132732,1457.795538,1032.923465
Lgals9,125.2818382,-2.180838002,0.563289476,-3.871611481,0.000108118,0.002304288,151.4135485,259.0566736,26.4875367,64.16959401
Lhx2,205.0159751,1.840571065,0.674282942,2.7296717,0.006339743,0.045564204,50.47118283,128.531965,143.2289021,497.8318503
Lix1,129.5043139,1.98283712,0.44927022,4.413462173,1.02E-05,0.000338895,36.88278746,67.75328387,180.5076575,232.8735266
Lmna,552.506996,-1.137387743,0.271171936,-4.194341637,2.74E-05,0.000733294,823.0685201,696.4639033,411.0473287,279.448232
Lmo1,93.50161705,-1.734487796,0.429702972,-4.0364808,5.43E-05,0.001307075,124.2367577,163.4049788,48.06997401,38.29475771
Lpar4,1528.809896,2.202745062,0.386403779,5.700630226,1.19E-08,9.75E-07,362.0336769,729.3441734,1824.696972,3199.164759
Lpl,444.7307391,1.352178075,0.27077053,4.993815525,5.92E-07,3.01E-05,202.855331,297.9151747,621.9666024,656.1858484
Lratd1,225.7036444,1.475352228,0.389419674,3.788591919,0.000151504,0.002994955,85.41277095,153.4412605,291.3629037,372.5976426
Lrch2,931.672735,1.130334875,0.220083372,5.135939466,2.81E-07,1.56E-05,532.8592188,635.6852222,1116.400621,1441.745878
Lrrk1,506.3453189,-1.159715011,0.341624429,-3.394707499,0.00068702,0.009357004,811.421324,587.8593748,396.3320306,229.7685463
Lrrk2,271.9833898,1.252004349,0.409463247,3.057672104,0.002230635,0.022005552,116.4719604,205.2525953,295.2869832,470.9220205
Lsamp,66.7805261,1.467783349,0.483427369,3.03620242,0.002395785,0.023100495,29.1179901,41.84761651,103.0070872,93.14941066
Ltbr,483.088331,-1.16217435,0.356687486,-3.25824257,0.001121045,0.013458914,765.8031395,569.924682,386.5218318,210.1036707
Lypla1,1866.911839,1.095865294,0.230704749,4.750076878,2.03E-06,8.69E-05,1134.631014,1245.464777,2059.160723,3028.39084
Mak,103.599826,1.30985178,0.457569832,2.862627056,0.004201448,0.034736508,52.41238217,66.75691205,183.4507171,111.7792928
Mal2,93.19787897,2.132806622,0.754104793,2.828262919,0.004680135,0.037357733,19.4119934,49.81859108,69.65241131,233.9085201
Manea,1197.410436,1.001353906,0.14722809,6.801378088,1.04E-11,1.82E-09,772.5973372,823.0031247,1598.081381,1595.959903
Map2,329.8709524,1.934957458,0.415698785,4.654710396,3.24E-06,0.000130432,90.2657693,183.3324152,422.8195673,623.0660579
Map7d3,458.1996814,1.373427985,0.45700497,3.005280196,0.002653363,0.024981471,177.6197396,332.7881884,419.8765076,902.5142899
Mapk10,46.76655796,2.460551851,0.914227075,2.691401206,0.007115257,0.049178395,3.882398679,24.90929554,57.88017278,100.3943648
Mcmdc2,260.0622511,1.028549447,0.270805127,3.798116598,0.0001458,0.002914222,173.7373409,168.3868379,310.0022813,388.1225444
Megf10,72.49686609,2.800751771,0.635775641,4.405251773,1.06E-05,0.000348847,18.44139373,17.93469279,74.5575107,179.0538672
Meioc,157.6761278,2.05503204,0.553580482,3.712255228,0.000205421,0.003783783,45.61818448,76.72063027,147.1529817,361.2127147
Mex3b,1369.58496,-1.32971574,0.399095516,-3.331823302,0.00086279,0.011087341,2379.910391,1539.394464,1085.007985,474.0270009
Mfap2,98.93732936,1.048947522,0.382590289,2.741699288,0.006112227,0.044469233,58.23598019,70.74239934,136.361763,130.4091749
Micu3,698.9350816,1.127132845,0.202468106,5.566964915,2.59E-08,1.94E-06,405.710662,472.2802435,885.8609495,1031.888471
Mir100hg,118.086024,1.902748488,0.523475391,3.634838468,0.000278155,0.00475228,35.91218779,63.76779659,130.4756437,242.1884677
Mir124-2hg,125.4579678,1.99063743,0.579161271,3.437103844,0.00058797,0.008298346,26.20619109,74.72788662,162.8492997,238.0484939
Mir17hg,2777.839077,1.095901853,0.134791106,8.130372158,4.28E-16,1.67E-13,1790.756391,1750.625291,3592.494792,3977.479835
Mir302a,64.52102918,2.014326661,0.509334247,3.954822738,7.66E-05,0.001729563,21.35319274,29.89115465,115.7603456,91.07942375
Mlf1,105.1852447,1.025230153,0.360455975,2.844259005,0.004451485,0.036077758,70.8537759,67.75328387,139.3048226,142.8290963
Mmp15,2661.376759,-1.181762541,0.328450378,-3.597994154,0.000320681,0.005235543,4592.877638,2795.819332,2056.217664,1200.592404
Mmp16,127.5216336,1.693923074,0.460276354,3.680230494,0.000233023,0.004137631,39.79458646,80.70611755,199.1470352,190.4387951
mt-Tc,71.59367031,3.925859195,0.56981028,6.889765477,5.59E-12,1.02E-09,10.67659637,6.974602752,119.6844251,149.0390571
mt-Tq,58.34608808,3.024637423,0.550882215,5.490533802,4.01E-08,2.69E-06,14.55899505,10.96009004,97.12096789,110.7442993
mt-Ts2,104.8302393,2.419258602,0.4403185,5.494337852,3.92E-08,2.66E-06,25.23559142,40.85124469,163.8303196,189.4038017
Mup6,344.2183803,2.093795077,0.602718714,3.473917482,0.000512919,0.007496622,63.08897854,198.2779925,323.7365596,791.7699906
Mxra8,870.3797028,-1.025803518,0.243488048,-4.212952236,2.52E-05,0.00068602,1376.310332,958.5096924,603.3272248,543.3715622
Myc,3485.16365,-1.47605009,0.348192585,-4.239177264,2.24E-05,0.000627263,5363.533776,4891.189272,2552.613722,1133.31783
Mylk,124.8382162,1.672093627,0.447783889,3.734153168,0.000188348,0.003539839,48.52998349,70.74239934,146.1719618,233.9085201
Myocd,123.4883232,-1.714384745,0.602300869,-2.846392616,0.004421764,0.03590557,222.2673244,156.430376,87.31076911,27.9448232
Naa30,1816.039121,1.218990322,0.148789367,8.192724703,2.55E-16,1.08E-13,1059.894839,1122.911043,2397.612581,2683.73802
Naa50,6057.561483,1.118929216,0.127091618,8.804114946,1.32E-18,8.65E-16,3757.191322,3881.864617,7858.95024,8732.239752
Ndufa4l2,148.8246841,-1.235711638,0.402263404,-3.071896734,0.002127033,0.021300572,245.5617165,172.3723251,105.9501468,71.41454817
Ndufaf4,901.8858041,1.226709162,0.195062011,6.288816341,3.20E-10,3.80E-08,489.1822336,590.8484902,1184.090992,1343.4215
Neto2,319.8222198,1.071405681,0.277535778,3.860423654,0.000113191,0.002371391,230.0321218,182.3360434,383.5787722,483.341942
Nhsl2,893.6558231,-1.107520451,0.360114755,-3.07546535,0.002101743,0.021129539,1594.695258,846.9160484,682.7898349,450.2221515
Nkx2-5,71.90417507,-2.078550004,0.532690704,-3.901982873,9.54E-05,0.002090635,132.0015551,100.633554,35.3167156,19.66487558
Nkx6-1,288.7517072,-1.270286465,0.434203514,-2.925555468,0.003438419,0.030344661,542.5652155,274.002251,206.9951942,131.4441684
Nol4l,1029.328671,-1.131126432,0.390433444,-2.897104356,0.003766245,0.032425217,1756.785402,1070.103336,869.1836116,421.2423349
Nova1,342.8629877,1.175885245,0.34604997,3.398021518,0.000678751,0.009252906,176.6491399,244.1110963,365.9204144,584.7713002
Nr2f1,63.91878469,1.413033632,0.471252911,2.998461332,0.002713466,0.025385752,34.94158812,34.87301376,102.0260673,83.83446959
Nrk,1369.940394,-1.70391057,0.165736402,-10.28084688,8.60E-25,1.27E-21,2253.732433,1938.939565,628.8337416,658.2558353
Nrxn1,103.0628966,1.613656138,0.424776287,3.79883762,0.000145376,0.00290969,39.79458646,61.77505294,147.1529817,163.5289654
Nsg2,55.23384788,1.523498199,0.530804933,2.870165862,0.004102565,0.034205775,30.08858977,26.90203918,67.69037156,96.25439101
Ntf3,49.85693251,-2.161019207,0.597828558,-3.61478082,0.000300602,0.005001352,93.17756831,69.74602752,13.73427829,22.76985594
Nuak2,304.6253435,1.907509166,0.571008294,3.340598002,0.000835982,0.010799131,59.20657986,197.2816207,348.2620566,613.7511169
Nudt11,267.6606791,1.079706162,0.251447903,4.293955729,1.76E-05,0.000514075,184.4139373,159.4194915,371.8065336,355.0027539
Nxf7,222.1275728,-1.50730053,0.388200959,-3.882784147,0.000103267,0.002220095,382.4162699,274.9986228,145.1909419,85.90445649
Nxph4,210.7227516,-2.103448907,0.552901793,-3.804380693,0.000142159,0.00284916,284.3857033,399.5451005,120.665445,38.29475771
Nxt2,155.1859178,1.389771865,0.384088461,3.618364009,0.000296471,0.004949329,71.82437557,99.63718216,186.3937768,262.8883367
Ogn,45.17121951,2.029441006,0.660569501,3.072259625,0.002124449,0.021289105,10.67659637,24.90929554,71.61445107,73.48453507
Onecut2,138.3735679,1.937422741,0.518219106,3.738616964,0.000185035,0.003495724,35.91218779,78.71337391,168.735419,270.1332909
Orc4,1661.107846,1.202348711,0.143217531,8.395262096,4.65E-17,2.22E-14,1051.159442,961.4988079,2273.023057,2358.750077
Otx2,2680.531235,1.053794001,0.340209917,3.097481727,0.001951724,0.019895213,1296.721159,2189.028892,2620.304093,4616.070795
Padi3,476.9734006,-1.488102049,0.483605458,-3.077099365,0.002090256,0.021061759,833.7451164,572.9137974,370.8255138,130.4091749
Pag1,350.345022,-1.055048014,0.378878182,-2.784662891,0.00535834,0.040728651,577.5068036,368.657574,285.4767844,169.7389261
Pak3,299.9169355,2.129045208,0.519325389,4.099636281,4.14E-05,0.00103562,72.79497524,150.4521451,293.3249434,683.0956781
Pappa2,52.21588043,-2.869399846,0.566804754,-5.062413161,4.14E-07,2.19E-05,97.05996699,86.68434848,13.73427829,11.38492797
Parp4,649.5626016,-1.026732252,0.24126765,-4.255573635,2.09E-05,0.000594244,939.5404804,803.0756882,362.9773547,492.656883
Parvb,1813.40041,-1.158167253,0.363163781,-3.189104513,0.001427143,0.015931717,2755.532463,2253.793061,1553.935486,690.3406323
Pcdh12,73.2658197,-1.588239237,0.494920953,-3.209076574,0.00133162,0.01517411,120.3543591,99.63718216,45.12691437,27.9448232
Pcdh18,2031.484572,-1.011596554,0.327275059,-3.090967452,0.001995055,0.020239272,3123.389738,2308.593511,1770.740879,923.214159
Pcdhac2,86.65249949,-1.646911658,0.559421791,-2.943953355,0.003240488,0.029101435,159.1783459,103.6226695,56.8991529,26.90982975
Pcdhb22,119.9714945,-1.171585909,0.431561982,-2.71475699,0.006632442,0.046870735,202.855331,129.5283368,84.36770948,63.13460056
Pde1b,347.880609,1.98732311,0.43500889,4.568465512,4.91E-06,0.000186332,100.9423657,179.3469279,382.5977523,728.63539
Pde3b,1291.985854,1.032704696,0.214081074,4.82389534,1.41E-06,6.29E-05,713.3907574,983.418988,1678.525011,1792.608658
Peg12,451.8747682,1.105030931,0.237937237,4.644211834,3.41E-06,0.000135734,275.6503062,297.9151747,541.5229725,692.4106192
Pgap1,3198.364747,1.76909453,0.348944295,5.069847986,3.98E-07,2.12E-05,1177.3374,1724.719623,3255.023954,6636.378013
Pgf,59.93574312,-1.546679923,0.535509027,-2.888242484,0.003874011,0.033069199,100.9423657,77.71700209,37.27875535,23.80484939
Phyhipl,153.881736,1.594783802,0.504166603,3.163207938,0.001560408,0.01704579,49.50058316,103.6226695,173.6405183,288.763173
Pipox,402.8787079,1.890894794,0.573743333,3.295715496,0.000981714,0.012202125,93.17756831,249.0929554,351.2051162,918.0391917
Pitx1,55.87540242,-3.074857839,1.122920551,-2.73826838,0.006176365,0.044737813,165.9725435,33.87664194,21.58243731,2.069986903
Pkd1l1,379.4330465,1.701748149,0.390802617,4.35449527,1.33E-05,0.000420808,219.3555254,137.4993114,740.6700076,420.2073414
Pkia,268.3687496,1.458043967,0.303526184,4.803684315,1.56E-06,6.90E-05,132.0015551,154.4376324,330.6036988,456.4321122
Plagl1,326.1410108,1.822868485,0.345057874,5.28279058,1.27E-07,7.68E-06,131.0309554,156.430376,381.6167324,635.4859794
Plce1,942.0243991,1.736700972,0.394876218,4.398089565,1.09E-05,0.000356577,304.7682963,564.9428229,1008.488434,1889.898043
Plet1,207.239818,-2.141919769,0.378708299,-5.655856436,1.55E-08,1.23E-06,320.2978911,355.7047403,98.10198777,54.85465294
Podn,130.4826071,-1.692886667,0.398809959,-4.244845517,2.19E-05,0.000617546,218.3849257,180.3432997,74.5575107,48.64469223
Polg,5050.599703,-1.106355188,0.330123718,-3.351335059,0.000804229,0.010517556,8726.661632,5068.543457,4033.953737,2373.239985
Pou3f2,38.17548399,3.860911594,0.730852172,5.282753125,1.27E-07,7.68E-06,4.852998349,4.981859108,74.5575107,68.30956781
Pou3f3,63.08452767,1.465184626,0.544579839,2.690486357,0.007134795,0.049219319,23.29439208,43.84036015,95.15892813,90.0444303
Ppargc1b,190.7744323,-1.208882496,0.304365394,-3.971813222,7.13E-05,0.001645877,237.7969191,294.9260592,120.665445,109.7093059
Ppm1e,264.4375504,1.080507653,0.275004827,3.929049771,8.53E-05,0.001891168,157.2371465,182.3360434,321.7745199,396.402492
Ppp1cb,7923.052355,1.180040736,0.114112523,10.34102751,4.60E-25,7.55E-22,4900.557733,4803.508552,10652.89485,11335.24828
Ppp1r1a,337.8188582,1.398812234,0.49130829,2.8471171,0.004411713,0.035855235,115.5013607,256.0675582,327.6606391,652.0458746
Ppp3r1,2033.510188,1.033533156,0.142962737,7.229388417,4.85E-13,1.16E-10,1347.192342,1322.185407,2579.101258,2885.561743
Pramef12,199.8821853,-1.244550613,0.378455683,-3.288497625,0.001007236,0.012435754,295.0622996,267.0276482,86.32974924,151.109044
Prdx2-ps1,148.7665362,1.197186621,0.357310444,3.350550313,0.000806512,0.010538085,98.03056666,82.6988612,238.3878303,175.9488868
Prex1,3022.766943,-1.128445269,0.355528997,-3.173989397,0.001503592,0.016559663,4137.666393,4158.855984,2647.77265,1146.772745
Prex2,491.0847465,1.433190873,0.411723942,3.480951013,0.000499637,0.007338758,196.0611333,334.7809321,488.5478991,944.9490214
Prl7d1,53.39592656,-5.084250552,0.91789214,-5.539050102,3.04E-08,2.20E-06,107.7365634,99.63718216,0,6.20996071
Prom1,1211.973496,1.061307155,0.297467143,3.567813054,0.000359973,0.005718972,590.1245993,980.4298725,1400.896385,1876.443128
Prr5,400.9562374,-1.017513311,0.249636085,-4.075986502,4.58E-05,0.001123912,579.4480029,494.2004235,296.2680031,233.9085201
Psd2,352.607155,-4.088974413,0.314322063,-13.0088686,1.09E-38,4.03E-35,705.62596,626.7178758,48.06997401,30.0148101
Pten,7842.113975,1.16420971,0.236819591,4.916019431,8.83E-07,4.23E-05,4106.607203,5571.711227,8977.312901,12712.82457
Pth1r,557.0527836,-1.105473932,0.406105374,-2.722135686,0.006486151,0.046167783,865.7749055,655.6126586,490.5099388,216.3136314
Ptn,579.8193629,2.64602684,0.479074574,5.523204495,3.33E-08,2.35E-06,85.41277095,234.1473781,750.4802064,1249.237096
Ptpn4,1722.986442,1.143717271,0.140767411,8.124872543,4.48E-16,1.70E-13,1044.365245,1102.983607,2291.662434,2452.934481
Ptprz1,332.6781294,1.42865047,0.441700506,3.234432493,0.001218847,0.014262635,161.1195452,199.2743643,291.3629037,678.9557043
Pwwp2b,539.4062785,-1.651177152,0.460309761,-3.587100019,0.000334376,0.005399298,1024.953251,611.7722985,370.8255138,150.0740505
Rab30,199.3934272,1.165658672,0.277274625,4.203986114,2.62E-05,0.000705275,120.3543591,125.5428495,262.9133272,288.763173
Rab39b,122.632387,2.538030841,0.503832424,5.037450385,4.72E-07,2.47E-05,24.26499175,47.82584744,163.8303196,254.6083891
Rab3il1,348.0630155,-1.451530262,0.466917386,-3.108751795,0.001878795,0.019365334,625.0661874,394.5632414,262.9133272,109.7093059
Rarb,56.65293817,-1.742800165,0.577334003,-3.018703482,0.002538589,0.024131275,106.7659637,67.75328387,31.39263609,20.69986903
Rbis,1468.710589,1.088463452,0.169060124,6.438321626,1.21E-10,1.61E-08,906.5400917,972.4588979,1829.602072,2166.241294
Rbm12,1348.343414,1.124136886,0.153664433,7.315530757,2.56E-13,6.77E-11,853.1571098,842.9305611,1744.253342,1953.032643
Rgs17,239.6315154,1.27419535,0.396841564,3.210841469,0.001323469,0.01513178,95.11876765,185.3251588,316.8694205,361.2127147
Rgs2,73.88730986,1.880682864,0.564694403,3.330443604,0.000867077,0.01113276,24.26499175,38.85850104,83.3866896,149.0390571
Rhbdl3,146.9024729,-1.018570722,0.351952065,-2.894060931,0.003802944,0.032665121,197.031733,196.2852489,80.44362997,113.8492797
Rhox6,135.4189214,-2.935014359,0.792027158,-3.705699144,0.000210808,0.003863776,237.7969191,241.1219808,6.867139144,55.88964639
Rhox9,187.7739133,-2.868127166,0.463581867,-6.186883849,6.14E-10,6.72E-08,343.5922831,316.8462393,26.4875367,64.16959401
Rin3,303.9797173,-1.431674152,0.456017665,-3.139514681,0.001692279,0.018018612,585.2716009,301.900662,213.8623333,114.8842731
Rmst,110.482278,2.355411707,0.61583999,3.824713798,0.000130924,0.002671032,16.50019439,55.79682201,166.7733792,202.8587165
Rnf138,1355.241075,1.439744622,0.180752386,7.965286963,1.65E-15,5.81E-13,698.8317623,761.2280717,1787.418217,2173.486249
Rnf152,152.7363368,1.304052873,0.31228682,4.175817844,2.97E-05,0.000778671,83.47157161,92.66257941,223.6725321,211.1386642
Rnf17,260.1801142,1.188466564,0.420340006,2.827393412,0.004692864,0.037378645,131.0309554,186.3215306,246.2359893,477.1319813
Ro60,2295.248464,1.209301153,0.125097164,9.666895033,4.17E-22,4.11E-19,1392.810526,1378.978601,3169.675225,3239.529504
Rpl22l1,768.7102367,1.086309354,0.193000131,5.628542046,1.82E-08,1.41E-06,443.5640491,541.0298992,1061.463508,1028.783491
Rprl2,389.1675371,-1.102033936,0.369185743,-2.985039261,0.002835419,0.026228072,377.5632716,684.5074415,284.4957645,210.1036707
Rps16-ps2,54.16526959,-1.839750927,0.521765088,-3.526013847,0.000421865,0.006479547,75.70677425,93.65895123,24.52549694,22.76985594
Rragb,995.4806489,1.230789329,0.359239546,3.42609644,0.000612323,0.008504102,487.2410343,702.4421343,943.7411223,1848.498305
Rundc3b,106.0687559,1.072029222,0.373619536,2.869307192,0.004113721,0.034234456,64.05957821,72.73514298,155.0011407,132.4791618
Runx3,298.2291979,-1.094561217,0.274552524,-3.986709725,6.70E-05,0.00156053,429.9756538,382.6067795,216.805393,163.5289654
S100a6,298.0865509,-1.098076872,0.380104853,-2.888878851,0.00386618,0.033054721,419.2990574,393.5668696,251.1410887,128.339188
Samd12,125.0503838,1.211630174,0.434272897,2.790020244,0.005270475,0.040266317,60.17717953,90.66983577,140.2858425,209.0686773
Samd3,259.5775775,1.660551131,0.51060661,3.252114444,0.001145499,0.013652759,172.7667412,76.72063027,523.8646147,264.9583236
Scarf2,197.4199846,-1.906963983,0.418262688,-4.559249572,5.13E-06,0.000194143,382.4162699,241.1219808,103.0070872,63.13460056
Scn3a,78.4445646,1.938111254,0.635704571,3.048760921,0.002297873,0.022419416,32.02978911,32.88027011,66.70935168,182.1588475
Scoc,509.3579216,1.071456006,0.221504927,4.837165569,1.32E-06,5.98E-05,366.8866752,289.9442001,697.505133,683.0956781
Scrn1,213.1378159,1.559232564,0.41175017,3.786841332,0.000152574,0.003004965,82.50097194,133.5138241,244.2739495,392.2625182
Sct,87.42089663,-3.300624407,0.510014986,-6.471622399,9.70E-11,1.34E-08,126.1779571,191.3033898,16.67733792,15.52490178
Scube1,288.2114127,1.554309377,0.34715831,4.477235121,7.56E-06,0.000264406,115.5013607,177.3541843,359.0532752,500.9368306
Sdk2,342.1387701,-1.079382584,0.396023627,-2.725550978,0.006419426,0.045859361,545.4770145,383.6031513,289.4008639,150.0740505
Sec61g,102.4268336,1.205767285,0.368388907,3.273082501,0.001063814,0.012897439,61.1477792,62.77142476,148.1340015,137.6541291
Sema3c,164.3656865,1.815604312,0.601921665,3.016346509,0.002558407,0.024272867,36.88278746,108.6045286,175.6025581,336.3728718
Serpina3m,43.4389195,2.402417745,0.837316083,2.869188581,0.004115264,0.034234456,9.705996699,17.93469279,34.33569572,111.7792928
Serpinb9b,122.7339313,-1.297754184,0.339818989,-3.818957233,0.000134017,0.002719129,177.6197396,171.3759533,72.59547095,69.34456127
Serpinb9e,118.5471455,-3.905155854,0.730619694,-5.344991223,9.04E-08,5.69E-06,187.3257363,257.06393,3.924079511,25.87483629
Serpine1,77.01476055,-1.771580179,0.467202975,-3.791885485,0.000149508,0.002968283,109.6777627,128.531965,28.44957645,41.39973807
Serpini1,107.8559209,1.789798436,0.588729693,3.040102201,0.002364979,0.022891659,32.02978911,64.76416841,106.9311667,227.6985594
Sfmbt2,1766.453876,-1.291488919,0.219243063,-5.890671744,3.85E-09,3.56E-07,2498.32355,2517.831593,839.7530153,1209.907345
Sfrp1,2749.687437,1.368492974,0.275798593,4.961928774,6.98E-07,3.45E-05,1590.812859,1479.612155,2892.046599,5036.278136
Sfrp4,71.99465681,1.538814679,0.541816412,2.840103483,0.00450989,0.036363655,38.82398679,34.87301376,74.5575107,139.724116
Sh3bgrl,1771.869572,1.680190889,0.165038392,10.18060628,2.42E-24,3.25E-21,916.2460884,769.1990463,2607.550835,2794.48232
Sh3bp1,362.9939858,-1.062394371,0.346497094,-3.066098934,0.002168715,0.02160099,541.5946158,440.3963452,299.2110627,170.7739195
Sh3rf3,239.4561734,-1.580261217,0.477765682,-3.307607211,0.000940967,0.01182654,354.2688795,363.6757149,173.6405183,66.23958091
Shank3,1231.403066,-1.149755805,0.297349887,-3.866676446,0.000110329,0.002337924,1955.758335,1439.757282,952.5703012,577.5263461
Shisa2,607.1578316,1.173819295,0.321812044,3.647530655,0.000264773,0.004597046,470.7408399,274.9986228,733.8028685,949.0889952
Shisa6,248.9769615,1.167156576,0.368913105,3.163770986,0.001557393,0.01703421,112.5895617,194.2925052,306.0782018,382.9475771
Shroom1,104.8339879,-1.490580792,0.46141201,-3.230476796,0.001235839,0.014371272,168.8843426,140.4884269,70.63343119,39.32975117
Sinhcaf,1242.484553,1.860831386,0.229951379,8.092281915,5.86E-16,2.11E-13,495.0058316,577.8956566,1631.436057,2265.600666
Six2,492.7339924,-2.062638231,0.496806982,-4.151789944,3.30E-05,0.000850057,703.6847607,886.7709213,289.4008639,91.07942375
Slc1a2,53.06725052,2.081421389,0.763576346,2.725885105,0.006412932,0.045859361,9.705996699,30.88752647,58.86119266,112.8142862
Slc25a40,702.9566745,1.033331956,0.252621361,4.090437769,4.31E-05,0.001066735,403.7694627,519.1097191,807.3793593,1081.568157
Slc27a2,547.8923062,1.986627623,0.519716704,3.822520244,0.000132095,0.002691201,142.6781515,298.9115465,473.8326009,1276.146926
Slc35f1,160.4274938,1.710015427,0.519148301,3.293886202,0.000988125,0.012240667,44.64758481,105.6154131,191.2988761,300.148101
Slc5a7,143.226483,1.224864833,0.411180303,2.978899579,0.002892856,0.026593057,62.11837887,109.6009004,195.2229557,205.9636969
Slc6a1,37.22228458,2.073879418,0.650303327,3.189095505,0.001427187,0.015931717,11.64719604,16.93832097,51.99405352,68.30956781
Slc6a15,335.7157363,1.116347174,0.351856127,3.17273763,0.001510089,0.016618847,171.7961416,252.0820709,359.0532752,559.9314574
Slco2a1,76.5437252,-1.690254882,0.441660369,-3.827046753,0.00012969,0.002653172,127.1485568,106.6117849,38.25977523,34.15478391
Slitrk4,48.25259692,1.627951451,0.57700699,2.821372147,0.004781869,0.037888081,25.23559142,21.92018008,57.88017278,87.9744434
Smad9,113.0648721,-1.867657592,0.672101257,-2.778833654,0.005455445,0.041214638,210.6201284,144.4739141,77.50057034,19.66487558
Smarcd3,198.1178286,-1.478098732,0.419048238,-3.527275857,0.000419859,0.006455442,362.0336769,221.1945444,128.513604,80.72948924
Smim1,123.3476777,-1.036429478,0.385869718,-2.685957023,0.007232239,0.049708201,190.2375353,141.4847987,90.25382875,71.41454817
Sms,1564.17498,1.403078944,0.301556485,4.652789828,3.27E-06,0.00013091,677.4785696,1039.21581,1777.608018,2762.397523
Snhg14,3043.473559,3.728864584,0.178524024,20.88718653,7.00E-97,5.18E-93,416.3872584,437.4072297,5015.954635,6304.145115
Snrpert,126.5306488,-1.031568679,0.364947668,-2.826620825,0.004704199,0.037448769,145.5899505,194.2925052,82.40566972,83.83446959
Sorbs2,217.0383623,1.6716874,0.431178367,3.877020578,0.000105743,0.00227003,66.97137722,140.4884269,294.3059633,366.3876819
Sorcs1,106.2296955,2.356670244,0.842764234,2.796357687,0.005168217,0.039751998,11.64719604,57.78956566,85.34872936,270.1332909
Sox21,228.2783475,1.6107524,0.488104334,3.300016589,0.000966791,0.012067085,112.5895617,112.5900158,194.2419358,493.6918765
Sox5,85.63231552,1.47836959,0.451022965,3.277814445,0.001046141,0.012766896,46.58878415,43.84036015,102.0260673,150.0740505
Sp5,1222.034924,-1.145137988,0.392996997,-2.913859388,0.003569907,0.0312256,1627.695646,1738.668829,1085.007985,436.7672366
Sp8,656.8767491,1.302590501,0.263747546,4.938777719,7.86E-07,3.81E-05,306.7094957,451.3564352,1011.431494,858.0095715
Spry3,54.81954235,1.822225199,0.582773716,3.126814319,0.001767115,0.018629649,17.47079406,30.88752647,72.59547095,98.32437792
Spta1,248.1950052,1.910406336,0.681089552,2.804926798,0.005032801,0.039014757,61.1477792,147.4630296,156.9631804,627.2060318
Srsf3,7589.470882,1.030916557,0.147826368,6.973834028,3.08E-12,6.00E-10,5051.000682,4924.069543,9261.808665,11121.00464
Ssbp4,1770.913173,-1.071891667,0.182189795,-5.883379301,4.02E-09,3.69E-07,2555.588931,2244.825714,1259.629523,1023.608524
St6gal2,192.1500016,1.377765873,0.320174093,4.303177251,1.68E-05,0.000499059,99.971766,113.5863877,239.3688502,315.6730028
St6galnac4,952.9219704,-1.294567004,0.423001775,-3.060429246,0.0022102,0.021865827,1242.367577,1465.66295,802.4742599,301.1830945
St8sia4,89.14042652,1.374207415,0.404243014,3.399458659,0.000675194,0.009229938,51.4417825,47.82584744,139.3048226,117.9892535
Stk17b,854.2958717,1.140705109,0.269751633,4.228723647,2.35E-05,0.000648543,485.2998349,580.884772,930.9878639,1420.011016
Stk26,943.4609975,1.009674897,0.159072512,6.34726191,2.19E-10,2.68E-08,603.7129947,648.6380559,1237.066066,1284.426874
Stxbp6,340.4527792,1.249947917,0.299760046,4.169828272,3.05E-05,0.000792395,165.0019439,238.1328654,427.7246667,530.9516407
Svep1,200.5240067,-1.81024212,0.596787224,-3.033312458,0.00241885,0.023277301,470.7408399,153.4412605,114.7793257,63.13460056
Sycp1,88.42999933,2.183012477,0.452053134,4.829105946,1.37E-06,6.17E-05,34.94158812,28.89478283,167.7543991,122.1292273
Syde1,312.9010564,-1.04520356,0.235842657,-4.431783347,9.35E-06,0.000315598,443.5640491,399.5451005,212.8813135,195.6137624
Syt11,820.6720882,1.196204101,0.428307557,2.792862468,0.00522439,0.040067778,337.7686851,659.5981459,751.4612263,1533.860295
Sytl2,61.95903353,1.832309344,0.629490113,2.910783356,0.003605239,0.031423153,16.50019439,37.86212922,76.51955046,116.95426
Tafa4,56.8862191,2.290278975,0.794331384,2.883278971,0.003935587,0.033416344,7.764797359,30.88752647,65.7283318,123.1642208
Tal2,63.02542828,1.743771187,0.476971434,3.655923737,0.000256258,0.004459183,31.05918944,26.90203918,102.0260673,92.11441721
Tbc1d4,825.5723591,-1.024669953,0.275877039,-3.714227024,0.000203826,0.003763779,1075.424434,1138.852992,672.9796361,415.0323741
Tbx3os1,62.57447588,-2.244071408,0.817160255,-2.746182763,0.006029317,0.044061077,131.0309554,75.72425845,36.29773547,7.244954162
Tead4,730.9612645,-1.483133775,0.448270323,-3.30857007,0.000937737,0.011804315,1255.955973,897.7310113,562.1243899,208.0336838
Tfeb,138.810512,-1.623793333,0.352507905,-4.606402604,4.10E-06,0.00015905,235.8557198,183.3324152,66.70935168,69.34456127
Tgm2,289.3823149,-1.025495331,0.286862491,-3.574867268,0.000350406,0.005590992,448.4170475,327.8063293,199.1470352,182.1588475
Tiam2,980.6502718,-1.081119098,0.337964027,-3.198917674,0.001379446,0.015586997,1330.692147,1333.145497,842.6960749,416.0673676
Timm8a1,57.12080439,2.175350452,0.567340926,3.834291436,0.000125927,0.002602868,15.52959472,25.90566736,80.44362997,106.6043255
Timp4,53.4573318,1.891077121,0.644431524,2.934488847,0.003340976,0.029768898,15.52959472,29.89115465,61.80425229,106.6043255
Tinagl1,166.484509,-1.858034685,0.437719059,-4.244811019,2.19E-05,0.000617546,300.8858977,221.1945444,94.17790826,49.67968568
Tmed5,1016.142675,1.047383051,0.169906341,6.164473002,7.07E-10,7.63E-08,710.4789583,614.761414,1341.054173,1398.276153
Tmem132e,66.01473166,-1.87647977,0.471299161,-3.981504587,6.85E-05,0.001587607,102.883565,104.6190413,25.50651682,31.04980355
Tmem229a,342.7541116,1.090911644,0.24924087,4.376937233,1.20E-05,0.000387848,202.855331,235.1437499,423.8005872,509.2167783
Tmem47,2806.545588,2.031941561,0.14718783,13.80509215,2.37E-43,1.17E-39,1099.689426,1105.972722,4185.030798,4835.489407
Tmem88,1283.461357,-1.251616955,0.294565673,-4.249025158,2.15E-05,0.000609533,2224.614443,1390.935063,884.8799297,633.4159925
Tnfrsf1a,1060.724602,-1.079686187,0.287992786,-3.749004283,0.000177538,0.003405921,1542.282875,1338.127356,857.4113731,505.0768044
Tnfrsf9,33.87193565,-3.632507481,0.825555476,-4.400076782,1.08E-05,0.000354894,44.64758481,80.70611755,3.924079511,6.20996071
Tnnt2,58.37197164,-2.330793557,0.813644971,-2.864632167,0.004174939,0.03457532,129.0897561,65.76054023,31.39263609,7.244954162
Tnrc18,4328.608788,-1.266690051,0.238623032,-5.308331047,1.11E-07,6.85E-06,7214.467346,5016.732122,2890.08456,2193.151124
Tns2,1173.183835,-1.052014004,0.289597651,-3.632674503,0.000280499,0.004779789,1741.255808,1424.811705,958.4564205,568.211405
Tpbpa,91.21976218,-4.726724519,0.780726966,-6.05426061,1.41E-09,1.45E-07,159.1783459,192.2997616,0.981019878,12.41992142
Tpd52,2006.375418,1.005620535,0.276723007,3.634032991,0.000279025,0.004760163,1090.954029,1577.256594,2141.566393,3215.724655
Tpm3-rs7,162.5725993,-1.299561524,0.325669445,-3.99043123,6.60E-05,0.001541098,217.4143261,245.1074681,104.9691269,82.79947614
Traf3ip2,370.633181,-1.252965798,0.334403525,-3.74686779,0.000179056,0.003421735,628.9485861,415.4870496,258.0082278,180.0888606
Trim2,711.0635586,1.383708824,0.365451729,3.78629711,0.000152909,0.003007546,343.5922831,444.3818325,681.808815,1374.471304
Trim59,4365.100224,1.173079466,0.127763611,9.181639912,4.25E-20,3.49E-17,2712.826077,2651.345417,5751.719543,6344.509859
Trpc3,259.7368886,-1.527182898,0.505095871,-3.023550548,0.002498273,0.023839971,363.9748762,407.5160751,199.1470352,68.30956781
Tspan13,1026.986634,1.091086329,0.192468389,5.668911826,1.44E-08,1.16E-06,596.918797,715.3949679,1295.927258,1499.705512
Ttpa,123.0413326,1.96149417,0.527600511,3.717763967,0.000200994,0.00372544,40.76518613,59.7823093,124.5895245,267.0283105
Ube2v2,312.6682161,1.30885628,0.236653555,5.530685044,3.19E-08,2.28E-06,191.208135,168.3868379,433.6107859,457.4671057
Ugt8a,211.132346,2.348230555,0.654700351,3.586725667,0.000334856,0.005401155,31.05918944,107.6081567,206.9951942,498.8668437
Unc45b,211.6152408,1.527386457,0.479469629,3.185574988,0.001444667,0.016054142,82.50097194,135.5065677,203.0711147,425.3823087
Usp26,32.85850834,7.050052435,1.593007888,4.425623054,9.62E-06,0.000323265,0,0.996371822,55.91813303,74.51952853
Uty,535.606021,2.714742806,0.374668041,7.245728244,4.30E-13,1.04E-10,99.00116633,184.328787,1124.24878,734.8453507
Vamp7,466.3027871,1.419998288,0.205659474,6.904609148,5.03E-12,9.55E-10,250.4147148,257.06393,718.1065505,639.6259532
Vash1,152.1688273,1.270042691,0.401452249,3.163620812,0.001558197,0.01703421,72.79497524,105.6154131,174.6215382,255.6433826
Vax1,93.16310035,-2.018782537,0.419334705,-4.814251037,1.48E-06,6.56E-05,153.3547478,145.470286,31.39263609,42.43473152
Vbp1,2172.888167,1.608246979,0.161382156,9.965457288,2.16E-23,2.46E-20,991.9528626,1154.794941,3094.136694,3450.668168
Vegfc,465.6522759,-1.144198466,0.394800231,-2.89817071,0.003753462,0.032409492,819.1861214,463.3128971,366.9014342,213.2086511
Vrtn,5085.123188,-1.039489583,0.241624822,-4.302081107,1.69E-05,0.000500531,6393.340025,7290.452619,4070.251472,2586.448636
Wdr17,98.71590851,1.258385603,0.45440437,2.769307884,0.005617552,0.042027929,42.70638547,73.7315148,131.4566636,146.9690701
Wnt11,223.2429053,-1.354309044,0.389472277,-3.477292541,0.000506505,0.007417538,361.0630772,280.9768537,160.8872599,90.0444303
Wnt4,165.9679851,-1.251230146,0.369963978,-3.382032362,0.000719517,0.009701341,251.3853145,216.2126853,119.6844251,76.58951543
Wnt5b,223.49123,-1.117322294,0.301346127,-3.707770551,0.000209092,0.003837996,290.2093013,321.8280984,161.8682798,120.0592404
Wnt7b,64.97226112,-1.361705095,0.489338093,-2.78274901,0.005390049,0.040926185,85.41277095,101.6299258,30.41161621,42.43473152
Wscd1,98.45808723,1.736682714,0.536667712,3.236048444,0.001211968,0.014219872,27.17679076,63.76779659,138.3238028,164.5639588
Wscd2,159.8396701,-2.187240376,0.411787773,-5.311571931,1.09E-07,6.75E-06,289.2387016,235.1437499,73.57649083,41.39973807
Xk,253.6536122,1.661663553,0.444016034,3.742350335,0.000182307,0.003457057,91.23636897,152.4448887,265.8563868,505.0768044
Xpo1,16861.68551,1.118751897,0.134136705,8.340386029,7.40E-17,3.32E-14,10195.17893,11070.68731,21624.62116,24556.25464
Zcchc24,926.363616,-1.148867469,0.36840521,-3.118488659,0.001817811,0.018986507,1606.342454,947.5496024,740.6700076,410.8924003
Zdhhc21,1606.212649,1.156841623,0.148260854,7.802744891,6.06E-15,1.99E-12,995.8352613,993.3827062,2094.477439,2341.155188
Zfp119a,192.1295572,1.099636046,0.30021538,3.662823827,0.00024945,0.00436641,136.8545535,107.6081567,257.0272079,267.0283105
Zfp119b,147.9572885,1.088595425,0.395371649,2.753347207,0.00589893,0.043386908,75.70677425,113.5863877,170.6974587,231.8385332
Zfp125,373.622058,1.270203865,0.284151748,4.470160313,7.82E-06,0.00027138,203.8259307,234.1473781,436.5538456,619.9610776
Zfp345,163.535973,1.773192038,0.549204347,3.228656232,0.001243733,0.014450947,52.41238217,95.65169488,151.0770612,355.0027539
Zfp40,369.1902985,1.270796822,0.212752993,5.973109013,2.33E-09,2.25E-07,215.4731267,217.2090571,512.0923761,531.9866342
Zfp442,291.6847613,1.228149234,0.232449821,5.28350259,1.27E-07,7.68E-06,175.6785402,173.368697,413.0093685,404.6824396
Zfp459,232.0407812,1.441158334,0.532173876,2.708059148,0.006767796,0.047416973,85.41277095,164.4013506,199.1470352,479.2019682
Zfp51,441.5075461,1.20120181,0.205832856,5.835811798,5.35E-09,4.80E-07,252.3559142,282.9695973,619.0235428,611.68113
Zfp518a,2049.374033,1.23282203,0.230073832,5.358375698,8.40E-08,5.31E-06,1099.689426,1347.094703,2383.878303,3366.833699
Zfp52,197.1412701,1.024868374,0.351789714,2.91329829,0.003576328,0.031263279,122.2955584,137.4993114,208.9572339,319.8129766
Zfp534,255.271428,3.428342315,0.572535372,5.988000891,2.12E-09,2.08E-07,33.00038878,53.80407837,231.5206911,702.7605537
Zfp54,141.3608827,1.228545031,0.320450406,3.833807067,0.000126175,0.002602868,85.41277095,83.69523302,189.3368364,206.9986903
Zfp640,36.21862544,2.74703587,0.844913347,3.251263435,0.001148933,0.013682669,4.852998349,13.9492055,41.20283486,84.86946304
Zfp709,76.32824301,1.771871001,0.596650469,2.96969682,0.002980938,0.027216699,21.35319274,47.82584744,91.23484862,144.8990832
Zfp72,292.8838582,1.044263744,0.231158994,4.517512937,6.26E-06,0.00022739,189.2669356,193.2961334,389.4648914,399.5074724
Zfp729b,621.1414501,1.676849106,0.256161781,6.546054989,5.91E-11,8.83E-09,258.1795122,333.7845603,816.2085382,1076.39319
Zfp758,302.4233933,2.891280907,0.264296231,10.93954649,7.46E-28,1.38E-24,66.00077755,77.71700209,509.1493165,556.826477
Zfp770,1216.717787,1.09603538,0.209572127,5.229871905,1.70E-07,9.88E-06,724.0673537,826.988612,1435.232081,1880.583102
Zfp808,294.2294731,2.149333909,0.329305423,6.52687067,6.72E-11,9.74E-09,102.883565,113.5863877,376.711633,583.7363068
Zfp820,367.5899449,2.005240862,0.231344825,8.667757573,4.41E-18,2.51E-15,138.7957528,154.4376324,558.2003104,618.9260841
Zfp825,194.2462024,1.454046439,0.300823612,4.833551558,1.34E-06,6.05E-05,91.23636897,116.5755031,283.5147446,285.6581927
Zfp882,337.72261,1.175652673,0.3259855,3.606456951,0.000310406,0.005124129,188.296336,226.1764035,361.9963349,574.4213657
Zfp930,1842.44087,1.219189975,0.191769588,6.357577282,2.05E-10,2.53E-08,955.0700752,1259.413983,2521.221086,2634.058335
Zfp931,135.0012848,1.386065097,0.32637952,4.246789431,2.17E-05,0.000614466,75.70677425,73.7315148,200.128055,190.4387951
Zfp932,351.8709964,1.36588803,0.243679213,5.605271023,2.08E-08,1.59E-06,194.119934,199.2743643,455.1932232,558.8964639
Zfp934,183.6006774,1.410866518,0.294004757,4.798788057,1.60E-06,7.05E-05,96.08936732,104.6190413,251.1410887,282.5532123
Zfp938,195.4953144,1.167008566,0.317951602,3.670396877,0.000242174,0.004261098,121.3249587,119.5646186,229.5586514,311.533029
Zfp942,799.7643703,2.0299695,0.166167518,12.21640379,2.54E-34,7.52E-31,318.3566917,310.8680084,1280.23094,1289.601841
Zfp943,293.5798003,1.693947167,0.282463529,5.997047378,2.01E-09,1.98E-07,137.8251531,139.492055,514.0544159,382.9475771
Zfp944,482.8362488,1.871387665,0.254074369,7.365511405,1.76E-13,4.75E-11,184.4139373,230.1618908,668.0745367,848.6946304
Zfp945,1227.050142,1.351982263,0.152352717,8.874027902,7.05E-19,5.22E-16,693.0081643,688.4929288,1684.41113,1842.288344
Zfp946,607.1417713,2.02031936,0.328306288,6.153763839,7.57E-10,8.11E-08,185.3845369,294.9260592,782.8538624,1165.402627
Zfp947,61.366862,1.718445364,0.55843123,3.077273033,0.002089039,0.021061759,21.35319274,35.86938558,77.50057034,110.7442993
Zfp951,61.78508351,1.793244978,0.658605622,2.722790266,0.006473314,0.046098597,16.50019439,38.85850104,69.65241131,122.1292273
Zfp953,321.113344,1.079309775,0.292014865,3.696078194,0.000218956,0.0039543,184.4139373,228.1691472,368.863474,503.0068175
Zfp959,223.3243715,1.055442276,0.285350264,3.698760464,0.000216655,0.00392233,142.6781515,147.4630296,267.8184266,335.3378784
Zfp960,171.5010132,1.41170614,0.384775556,3.668908064,0.000243589,0.004279002,69.88317623,117.571875,231.5206911,267.0283105
Zfp97,136.718633,1.857240132,0.434822343,4.271261953,1.94E-05,0.000561509,47.55938382,70.74239934,167.7543991,260.8183498
Zfp979,968.4452024,3.536447049,0.389631606,9.076386493,1.12E-19,8.74E-17,131.0309554,176.3578124,1113.457561,2452.934481
Zfp980,156.8307319,2.559211942,0.693742713,3.688992899,0.000225144,0.004021857,24.26499175,66.75691205,128.513604,407.78742
Zfp981,300.064782,2.045932022,0.577277449,3.544105224,0.000393948,0.006166016,80.5597726,153.4412605,233.4827309,732.7753638
Zfp984,498.3395584,1.495710714,0.249148462,6.003290987,1.93E-09,1.92E-07,235.8557198,285.9587128,643.5490398,827.9947614
Zfp985,388.7478783,2.51990454,0.497935863,5.060701044,4.18E-07,2.20E-05,85.41277095,145.470286,369.8444939,954.2639625
Zfp988,181.7458675,3.117642381,0.662167938,4.708235181,2.50E-06,0.000104108,22.32379241,52.80770655,154.0201208,497.8318503
Zfp990,1364.798333,2.595401155,0.29704733,8.737332032,2.39E-18,1.47E-15,341.6510838,433.4217424,1735.424164,2948.696344
Zfp991,84.55821401,1.518369161,0.432176959,3.513304282,0.00044257,0.006727706,44.64758481,42.84398833,107.9121865,142.8290963
Zfp992,132.820174,1.65524001,0.373603593,4.430471339,9.40E-06,0.000316801,56.29478085,71.73877116,176.583578,226.6635659
Zfp994,252.8048857,1.98164889,0.29423788,6.734853074,1.64E-11,2.73E-09,113.5601614,90.66983577,362.9773547,444.0121908
Zfp995,166.8066332,1.448651302,0.30729212,4.714248126,2.43E-06,0.00010166,93.17756831,85.68797666,228.5776315,259.7833564
Zic1,344.263433,1.874599827,0.556514729,3.368463996,0.000755883,0.010049558,67.94197689,227.1727753,407.1232492,674.8157305
Zim1,592.5155703,-1.78973976,0.459005581,-3.899167749,9.65E-05,0.00210884,1117.16022,721.3731989,384.559792,146.9690701
Zmat4,117.1476568,2.475853923,0.828366819,2.988837634,0.002800409,0.026018122,11.64719604,59.7823093,99.08300764,298.0781141
Zxdb,104.9268681,1.986937142,0.376923022,5.271466658,1.35E-07,8.07E-06,42.70638547,41.84761651,172.6594985,162.4939719
