"","baseMean","log2FoldChange","lfcSE","stat","pvalue","padj"
"Slc40a1",758.568946444129,2.24976486075515,0.191843033111824,11.7271126517467,9.25624857128991e-32,1.26995730398098e-27
"Cxxc5",1243.49204586262,-1.89092168970443,0.197969998221324,-9.5515568353465,1.27761708453014e-21,8.76445319987675e-18
"Efnb2",2280.52190184405,1.05939302080309,0.113190925026376,9.35934590653999,8.02318311160154e-21,3.66926907637244e-17
"Zmiz1",2831.43464620342,-0.863201070655919,0.100823733790708,-8.56148684641822,1.11421132248475e-17,3.82174483612271e-14
"Fndc3c1",2201.09946904312,1.28737013976507,0.152607431581033,8.43582862530183,3.28864382736133e-17,9.02403866227949e-14
"Ppp2r5a",2433.30777302506,-0.690344481071944,0.0838662109091622,-8.23149720952191,1.84887831544715e-16,4.22776841465582e-13
"Gja1",11076.3650232303,0.626190916061812,0.0805494863024156,7.77399018673857,7.60516335443235e-15,1.49061201746874e-11
"Cyr61",893.737658775152,1.3367386440906,0.172415811641503,7.75299336739502,8.97513079253581e-15,1.53923493091989e-11
"Amotl2",1959.54310408365,0.860579461704897,0.111657103407659,7.70734181203796,1.28465390080821e-14,1.95838350212096e-11
"Kif1a",4601.17423317262,1.1986830793025,0.163199266149221,7.34490483680536,2.05905545513638e-13,2.82502408444711e-10
"Hip1",3185.73823657353,0.944094344712676,0.130341332332784,7.24324608177426,4.3807100687066e-13,5.46394019478678e-10
"Rbm47",1871.54746520208,0.851255490455036,0.121359064616094,7.01435441306249,2.31013132651615e-12,2.64125014998347e-09
"Fgfr2",1030.22018193764,1.5362646205369,0.221978326439102,6.92078657038782,4.49142744142727e-12,4.74018342279862e-09
"Prag1",1459.95237310056,0.862841804655392,0.12600771480007,6.84753156601897,7.51351171437268e-12,7.36324148008523e-09
"A2m",179.682424392085,-2.18776611252815,0.320958199120075,-6.81635838724805,9.33771823952778e-12,8.54089961642141e-09
"Zfp608",1938.62685973896,1.42806669386871,0.21324197565873,6.69693051500407,2.12842760875248e-11,1.82512667450525e-08
"AI661453",439.459216881669,1.16604001711214,0.175466438398827,6.64537348425452,3.02449157871154e-11,2.44094261528955e-08
"Malat1",165786.014115801,0.481382155097106,0.0740601292347393,6.49988273138612,8.03826465863878e-11,6.126943950918e-08
"Notch3",3819.16633216732,0.681799610039856,0.107144428233881,6.3633697176636,1.9737481671537e-10,1.42525393964994e-07
"Phf21a",2377.07844619886,-0.657198494059337,0.103778321243814,-6.33271463811151,2.40884838173104e-10,1.65246998986749e-07
"Arl4c",1908.3803755822,1.07360445112668,0.171029603194073,6.27730188854161,3.44498791761884e-10,2.25072543951098e-07
"Cldn6",2133.85773984206,1.07627644521087,0.172663799668223,6.23336476597271,4.56521470363092e-10,2.84703389699165e-07
"Klhl13",3859.64039407687,1.03591855415333,0.166936914036699,6.20544928682215,5.45408576432322e-10,3.25348072550063e-07
"Plekhg1",1146.13203641937,0.852134161880416,0.137603822555869,6.19266344533735,5.91559543913357e-10,3.38174872603802e-07
"Psd2",136.338855530961,2.46495565735022,0.399941377120121,6.16329241825328,7.12477596977968e-10,3.91007705221509e-07
"Lad1",728.172329770379,0.860726683076632,0.14030654352663,6.13461540311742,8.53654572759872e-10,4.50466951471748e-07
"Erf",2558.56216762503,-0.535558429828194,0.0890423679229988,-6.01464721031823,1.80278875937706e-09,9.16083769579752e-07
"Nrk",723.240910104134,1.06982821772726,0.178207749030245,6.00326429994746,1.93389428269935e-09,9.4760819852268e-07
"Wnt7b",222.318692547786,1.92050208371216,0.321371908522718,5.97594883927571,2.28754787610553e-09,1.08224678828165e-06
"Ntn1",1058.16849753363,-1.11887188849115,0.1935741060383,-5.78007002790843,7.46695382168339e-09,3.41488688111654e-06
"Eif4g3",4789.05687846974,0.850447970990156,0.147725315452261,5.75695484816878,8.56448063405066e-09,3.79047336448952e-06
"Nid1",1964.76143295216,-1.09387619356228,0.190591667596361,-5.73937049482619,9.50291197880377e-09,4.07437351091212e-06
"Slc7a1",1986.96136804458,-0.560375443992712,0.0978029421496683,-5.72963789918678,1.00645242805188e-08,4.18440221602176e-06
"Slc5a5",244.643819300042,1.23787125329781,0.216453782541189,5.71887096989056,1.07234183920862e-08,4.32721471586537e-06
"Eif2s3y",358.291058577145,-1.98638816215005,0.35104706335445,-5.65846682541368,1.52731230506456e-08,5.98706423585307e-06
"Patj",1603.72377314813,0.81699017465257,0.144935085901807,5.63693856162668,1.73099833949602e-08,6.59702700496817e-06
"Rap2b",1187.3394645224,0.631101474973306,0.112639700730851,5.60283337827133,2.10875918050393e-08,7.81950701527402e-06
"Mdk",4807.0528708531,-0.531563240517843,0.0954829009918289,-5.56710400497082,2.59007815634095e-08,9.35154534342049e-06
"Esrp1",3028.48444639205,0.718295830352142,0.129969119163038,5.52666537234193,3.26374615002738e-08,1.14816915841989e-05
"Fhl1",1392.72309477683,0.964882052860985,0.175414752406017,5.50057529156759,3.78554057292639e-08,1.29844041651375e-05
"Ric8b",1116.33458177144,-0.552575681104325,0.101489935014765,-5.44463528352772,5.1911638311711e-08,1.73714067716262e-05
"Prss8",484.212599354803,0.977296309425582,0.180128624351561,5.42554695536991,5.77773379860655e-08,1.88739304087814e-05
"Adgrl2",3949.66381681393,0.669264973402686,0.123815170113875,5.40535519829398,6.46800862881098e-08,2.06374600900667e-05
"Ctgf",993.899640762491,1.24367822092321,0.231360721165756,5.37549422674988,7.63728992313899e-08,2.38144585785152e-05
"AU015836",989.753798142601,1.17173024964755,0.219849836840345,5.3296844177258,9.83835728924421e-08,2.99960582240957e-05
"Morf4l2",11141.0759694084,0.370159260121758,0.0697662965035898,5.30570316431676,1.12239478464835e-07,3.34766444464683e-05
"Car4",1448.27854062852,1.18358155922564,0.223440625429327,5.2970741419626,1.17672925166723e-07,3.43504794316477e-05
"Dysf",464.598459093415,0.825395127087439,0.155942782578424,5.29293573860877,1.20368226176772e-07,3.44052513155273e-05
"Ptpn14",1603.08236012654,0.708271567479864,0.134092714479844,5.2819541332078,1.27813201241615e-07,3.57876963476521e-05
"Dusp4",2066.28483087639,0.919057884020166,0.174142698872676,5.27761364656542,1.30877037506873e-07,3.59126590918859e-05
"Slc9a3r1",2919.13308123682,0.455022133042806,0.0867436797444566,5.24559408112825,1.55779541046703e-07,4.1907751042368e-05
"Rcn1",2475.82116193317,-0.629027908766594,0.120440140605781,-5.2227430622611,1.76291925463346e-07,4.65139464876367e-05
"Sfn",1515.1191324926,0.781090041834577,0.152672071283022,5.11612919946962,3.11869477361816e-07,8.07330043283797e-05
"Plxdc2",911.717756299123,1.13503008120043,0.222944923368769,5.09107838855339,3.56032787991229e-07,9.04587009488825e-05
"Firre",3965.17371261212,0.424690462079499,0.0838020698677833,5.06778010077251,4.02481985593758e-07,0.000100400960769934
"Bcorl1",806.284408505384,-1.06063566733243,0.2106006664494,-5.03624079265324,4.74763268299753e-07,0.000114276351597765
"Ly75",1073.50402304969,-0.614914773326135,0.122055383785285,-5.03799795024092,4.70426479977418e-07,0.000114276351597765
"Cldn7",772.799008802667,0.822915197157787,0.164227022595033,5.01083916735807,5.41931935696115e-07,0.000126022138266961
"Sdc4",1865.55860974952,0.62957792351334,0.125638498950584,5.01102710373006,5.41402878125504e-07,0.000126022138266961
"Ptprj",824.250213338547,-0.720906045431463,0.144060454161124,-5.00419111982784,5.60970807817449e-07,0.000128275324720923
"Capg",746.205699291739,0.683529473380372,0.136938944634818,4.99149073481744,5.99150574025926e-07,0.000134759768453044
"Sel1l3",224.349647535686,1.82991524254651,0.367486933373014,4.97953825391955,6.37361545189348e-07,0.000141041941935449
"Cnn2",2229.55527059333,0.673013862816298,0.136262549295831,4.93909637163149,7.84854192024671e-07,0.000170923801818706
"Plekhg5",959.837850845449,0.739311671859466,0.150252029453975,4.92047711133202,8.63334965369179e-07,0.000185077433201018
"Ddr1",1385.7079720011,0.638510051792232,0.129942342921112,4.91379512973589,8.93300956231379e-07,0.000188555217222993
"Tpm1",5774.49167219885,0.744994480321572,0.152662848216048,4.87999856564485,1.06086612150258e-06,0.000220531563439627
"Peak1",1782.6734990804,-0.514573410349989,0.105606359865199,-4.87256080984912,1.10160932639865e-06,0.000225583282958051
"Gpat3",144.599857483835,1.39154641812109,0.285979347660724,4.86589828777417,1.13938106286147e-06,0.000229886885036168
"Sptbn2",2410.9559971906,1.00183550380092,0.206709577243444,4.84658484217714,1.25604886624815e-06,0.000249753484709053
"Kctd15",535.090288686258,0.72647236780469,0.149999590308024,4.84316234672961,1.27788792490817e-06,0.000250466033282001
"Zbtb7b",690.972836987804,0.705166172423922,0.146112824129077,4.82617577633689,1.39179679796853e-06,0.000268950029128566
"Tmcc3",220.522084212342,1.21084616754509,0.25124907581516,4.81930595611779,1.44058488578227e-06,0.000274511453235176
"Kif26a",760.252135322106,-0.873849740580384,0.182099029603332,-4.79876110533867,1.59650080814603e-06,0.000295999879564371
"S100a6",528.835330534239,1.15903417607296,0.241523612001749,4.79884416462175,1.59583897038381e-06,0.000295999879564371
"Ctnnal1",2699.57492481013,0.633032318184949,0.132361874260169,4.78258805054897,1.7305254314741e-06,0.000316570785597661
"Wbscr27",537.989880313432,0.766238541392342,0.1606954913846,4.7682640924783,1.85820095171052e-06,0.000335454171808793
"F11r",1377.92136509107,0.539367565014189,0.113510713655468,4.75168860845418,2.01724869470701e-06,0.000359437040147795
"Exoc4",2766.80541288154,0.431048750759927,0.0909765407467433,4.73802089221948,2.15815567009721e-06,0.000379614048637611
"Grip1",520.087317266688,0.937346589720683,0.199626654837134,4.69549815622277,2.6595776737448e-06,0.000461891211187072
"Sall3",446.573099984036,-1.16784500570244,0.249719321726409,-4.67663053715133,2.91626987566802e-06,0.000500140283677066
"Frmd4a",869.980483811861,-0.521602698062455,0.112134064425024,-4.65159896537249,3.29371140060359e-06,0.000557897782917052
"Lzts2",1480.21128845259,0.693259289049188,0.149150885946178,4.64804003443436,3.35103885243605e-06,0.000560686012871007
"Pcbp1",10821.0998917258,0.389242449902422,0.0841216909560893,4.62713534973521,3.70758228311216e-06,0.000612867818365045
"Cldn4",903.320551437563,0.790985904561475,0.171573783688594,4.61017929170992,4.02321845938911e-06,0.000657125681700221
"Cds1",440.195364384868,0.833878967323001,0.181121912730572,4.60396511251203,4.14521933939405e-06,0.000669087168664545
"Me1",1028.56445335747,-0.522464694358207,0.114573254545746,-4.56009298531013,5.11309748952841e-06,0.000815717413445695
"Arhgef1",2363.17222216472,0.402659199851662,0.0886110561127535,4.54411918236588,5.51654404843627e-06,0.000869965337293627
"Frem2",2157.15752172193,0.582003174505154,0.128178177733081,4.54057925302326,5.60998858007105e-06,0.00087464821952926
"Cuedc1",301.262676554898,0.879074930797559,0.194944998837126,4.509348462599,6.50270238468038e-06,0.00100243906424511
"Sema5b",188.817570169253,-1.11871797456631,0.250655348911316,-4.46317215820566,8.07551175072252e-06,0.00123106690244348
"Rab15",508.974941257315,0.732997726108221,0.164742139836304,4.4493638776124,8.612499430353e-06,0.00128438578461351
"Tagln",729.993147376072,1.30876898822785,0.294029398587059,4.45115010443536,8.54116111701202e-06,0.00128438578461351
"Csrnp2",520.483363074814,-0.5787726808417,0.130298124833295,-4.44191105268929,8.91634195002224e-06,0.00131540012423984
"Dip2c",1005.03006997178,-0.524809411747436,0.118330011267962,-4.43513362437688,9.2015196361204e-06,0.00134303031284651
"Gm2a",457.771362232096,-0.727847919178877,0.164391187470748,-4.42753611295854,9.53156180058069e-06,0.00137655818846281
"Cep170b",3299.16464106306,0.354675480294595,0.080470826461471,4.40750388545359,1.04568725533095e-05,0.00149446136907715
"Skida1",358.789608078104,-1.52436571213166,0.346180904048062,-4.40337896835586,1.06577753303639e-05,0.00150747090239787
"Mllt10",3164.46807716758,-0.372636574399519,0.0847084786997532,-4.39904694452511,1.08727307500182e-05,0.00152218230500255
"Ttyh3",1538.3584057588,0.531521471916215,0.121016413392993,4.39214365236669,1.12238496782037e-05,0.00155546684429247
"Gli2",1364.85212406005,-0.572375450248244,0.130430768000974,-4.38834685266878,1.14215519102719e-05,0.00156469759270244
"Mitf",256.140373129652,-1.01198276379013,0.23070355655096,-4.38650699156687,1.15185464185821e-05,0.00156469759270244
"Col7a1",299.876515038405,0.97079116491149,0.221736495297651,4.37812983202578,1.19702038532992e-05,0.00161010977320848
"Cct7",12093.3396094033,0.297661317427424,0.068267853755837,4.36019738502433,1.29945174484781e-05,0.00173092018828271
"Fermt1",171.610328461591,1.49437169210919,0.343583004794293,4.34937604962123,1.3652542408252e-05,0.0018010854023194
"Id2",622.533468095011,0.816007102567138,0.188012353389405,4.34017812051451,1.42367267721161e-05,0.0018602656315565
"Slc6a8",879.94152831603,-0.486526387757665,0.112584836081185,-4.32142022578271,1.55028101733221e-05,0.00200659014696206
"Card10",560.192720341323,0.592080847955419,0.137873937612355,4.29436380949755,1.75194985778282e-05,0.00220907566830019
"Dusp16",1690.21929632216,-0.491942556504324,0.11450272363915,-4.29633934346102,1.73641707062662e-05,0.00220907566830019
"Itgb5",1719.24144072969,0.452346657006602,0.105344505552259,4.2939748460085,1.75502367233762e-05,0.00220907566830019
"Mpc1",238.080940306425,-0.761542230023492,0.177521647425475,-4.28985558137744,1.78789342910825e-05,0.00221153617966717
"Myh9",19773.8217105453,0.445129905941872,0.103767352290235,4.28969127685605,1.78921658850624e-05,0.00221153617966717
"Cc2d1a",1282.24577185008,0.400183272431856,0.0934603963899629,4.28184865343491,1.85347032792024e-05,0.0022705011517023
"Nectin1",2425.01135088917,-0.683585976799873,0.161533412544039,-4.23185498302715,2.31771833903009e-05,0.00281407925765423
"Sptb",1145.39848726292,0.860177377812228,0.203728143388065,4.22218238240038,2.41948205392597e-05,0.00291186787542669
"Met",384.296843681749,0.976820145273122,0.231588230372282,4.21791791276642,2.46568543805701e-05,0.00291631070777088
"Usp26",131.300853554047,-2.13033416696649,0.50502353842587,-4.21828688145235,2.4616549124509e-05,0.00291631070777088
"Zfp423",1858.76568820838,-0.504102860693745,0.119913743853279,-4.20387892575967,2.62379322685143e-05,0.00307679000618817
"Cald1",1860.43237915985,0.740656444156244,0.176390805259156,4.19895154437364,2.68153689246096e-05,0.00311785475970885
"Znrf1",1247.15319548472,0.524735141473348,0.125033174604875,4.19676732300524,2.70751839686796e-05,0.0031216094458007
"Slc39a8",786.057157303168,1.26308244116076,0.301264567305376,4.19260204563134,2.75772965054411e-05,0.00315300423378877
"Cdc42bpg",1564.35390535568,0.427218596999425,0.102032303590406,4.18709155792887,2.82551865991441e-05,0.00317755049295293
"Rnf219",554.33822421672,-0.703593224890897,0.168017684184916,-4.18761410921805,2.81902296078711e-05,0.00317755049295293
"H2-K1",765.238166314529,-0.592341609039224,0.142201751995658,-4.16550148451976,3.1066890175228e-05,0.0034653474244238
"Cdx1",28.5751633741134,-2.62325652938148,0.632441617788676,-4.14782401346968,3.35650246985786e-05,0.00368409711091599
"Trp53inp1",5440.66025496234,0.41559201101747,0.100190221245434,4.14802967646317,3.35348937066398e-05,0.00368409711091599
"Fgfbp1",116.832844063073,1.54692569727063,0.374598501844862,4.12955655095299,3.63463596650557e-05,0.00387486514519928
"Fhod3",435.745409903705,-0.973892008457679,0.235604563236247,-4.13358720680267,3.5714469182023e-05,0.00387486514519928
"Shmt2",4278.09732625083,-0.394641709620913,0.0954950934708222,-4.13258624372667,3.58704104657393e-05,0.00387486514519928
"Shroom3",1814.18354098461,0.478521978958207,0.115892651277485,4.12901054280371,3.64327699512177e-05,0.00387486514519928
"Atp2a3",293.156531622846,-1.09958834598569,0.267113780563007,-4.11655416530004,3.84578979718722e-05,0.00405878738595451
"Hmgxb4",3952.09831302968,0.420545705760747,0.102402402789917,4.10679529291432,4.01186480632908e-05,0.00418293442583229
"Slc15a2",623.540803121156,0.953615964961795,0.232245169421781,4.10607448730153,4.02439755255002e-05,0.00418293442583229
"Tbc1d13",1945.66679474912,0.3604532303672,0.0881715361398449,4.08809062593058,4.34938249724949e-05,0.00448673141821527
"Hspg2",8564.37709771554,0.492391787213713,0.120601560455017,4.0827978125322,4.44967341408605e-05,0.00454060006381383
"Sfrp1",1969.91733411838,-0.812526501102748,0.199141889194838,-4.0801385604401,4.50088636063178e-05,0.00454060006381383
"Zyx",1814.72031258594,0.575031259651124,0.14092411241171,4.08043201273584,4.49520761726651e-05,0.00454060006381383
"Lmtk3",663.405639748229,0.56749682689845,0.139181584455301,4.07738444076057,4.55451532063556e-05,0.00456116424811094
"Zfp951",145.09445222064,-1.80462359097648,0.4435240889425,-4.06882880990582,4.72500461686603e-05,0.00469761328575376
"Klc3",342.454280687573,0.825991683462514,0.203148771511104,4.0659447621487,4.78382665861595e-05,0.00472187782418783
"Tcf7l1",2347.82564234806,0.711660071512839,0.175358800467965,4.0583082777351,4.94294897411966e-05,0.00484408999463726
"Nf1",2757.79816397388,-0.463787409765988,0.114343778676323,-4.05607909004693,4.99033674859393e-05,0.00485584540359636
"Mras",324.192443328056,-0.889180079992148,0.21965873781085,-4.04800687126695,5.16556303480952e-05,0.00487940891268741
"Rhobtb1",132.830492580312,-1.7855647043643,0.441131205446666,-4.04769529409359,5.17244205864068e-05,0.00487940891268741
"Rhox9",250.880258960284,1.24923108509341,0.308696430762084,4.04679471676888,5.19237391583354e-05,0.00487940891268741
"Suclg2",3417.19313402315,-0.320339073189413,0.0791525523602335,-4.04710983584595,5.18539133829503e-05,0.00487940891268741
"Vgll3",102.885894028677,1.19027941180372,0.294086186323655,4.04738293451757,5.179347070238e-05,0.00487940891268741
"Igdcc4",597.555624420252,0.709950646188775,0.175652358925128,4.0417939760854,5.30438275295393e-05,0.00491730617368432
"Mt1",1673.06311628969,0.752436628123915,0.186099948204099,4.04318558594494,5.27298504846588e-05,0.00491730617368432
"Arap2",795.996987308558,0.907659983901573,0.225143788261564,4.03146802721062,5.54295380384877e-05,0.00503791952250081
"Bend4",2743.9812571041,-0.451946004578152,0.112149728922598,-4.02984482370054,5.58136856720206e-05,0.00503791952250081
"Fstl1",2000.91243023605,-0.840601553469529,0.208535808674051,-4.03096983110186,5.55471740076421e-05,0.00503791952250081
"Ndrg2",585.276118599528,-0.617325514589766,0.15306259908777,-4.03315714138486,5.50324520452494e-05,0.00503791952250081
"Stard10",300.707638122473,0.79434726667636,0.198016477248274,4.01152104973771,6.03287967405787e-05,0.00540987641359961
"Fat1",22122.29527335,0.617907896744959,0.154126615302081,4.00909275490083,6.09524730403532e-05,0.00543031123450419
"Esrp2",369.665871095151,0.959354165489816,0.239625140169173,4.00356225065751,6.23957729159515e-05,0.00552303228649583
"Lonrf2",52.2167053558041,-1.83150633303662,0.459197674224068,-3.98849218069629,6.64945942905524e-05,0.00584811431837423
"Prdx2",9267.84887332855,0.338391713946267,0.0848861922482637,3.98641645930571,6.70787307707782e-05,0.005861912013854
"Igf1r",3669.25864088193,-0.3769424933099,0.0948166094903332,-3.97549011018297,7.02344627636938e-05,0.00603070967541299
"Prom1",824.213257349474,1.05008461664016,0.264128728841675,3.97565467885776,7.01859074338106e-05,0.00603070967541299
"Slain2",1937.45923922622,-0.411738568843411,0.103577597939583,-3.97517008536517,7.03289758065654e-05,0.00603070967541299
"Bahcc1",2614.23227316497,-0.494453393478637,0.124778469625335,-3.96264992641201,7.41224300774011e-05,0.00631652012833505
"Aif1l",740.131504072178,0.659383095251438,0.166631490489875,3.95713375252743,7.58544621576246e-05,0.00642421741236179
"Scube3",229.033081217185,0.974672853094817,0.246634750182873,3.95188777077084,7.75371045887233e-05,0.00652643604268272
"Snrpg",1753.45254346563,0.499218070936268,0.126879935517746,3.93457065452596,8.33455489777763e-05,0.0069725666583847
"Gm10336",609.773196427204,-0.561582248373691,0.142975509132208,-3.9278212875913,8.57188674930202e-05,0.00712765370911659
"Dennd4a",692.527777891427,-0.502481761908625,0.128006676740235,-3.92543400629262,8.65735033473244e-05,0.00715535220436922
"Asns",5474.20700372069,-0.488622224138243,0.124565592812185,-3.9226098724948,8.75949259029197e-05,0.00719642145741353
"Fzd10",386.30572898156,-0.946565786429356,0.241588613830659,-3.91808939759409,8.92536066988761e-05,0.00724591410596793
"Sulf1",2991.19831177188,0.388359626482603,0.0990953306509183,3.91905071542343,8.88984092186167e-05,0.00724591410596793
"Pmaip1",2549.84504578536,-0.725439062752609,0.185664050473633,-3.90726724372327,9.33458906993097e-05,0.007533562472909
"Kyat3",248.894564836388,-1.13430791291275,0.290467584125973,-3.90511015652889,9.41824736501259e-05,0.0075566288799984
"Xlr3a",24.4507449275988,-4.19641137386043,1.07604399034955,-3.89985113201296,9.62518520884909e-05,0.00767776401543079
"Hook2",2057.19384728995,0.373803545089463,0.0960138651691237,3.89322463407786,9.89204750327177e-05,0.00784502264421322
"Fignl2",904.295825416237,-0.91992131399545,0.237795772493295,-3.86853519030237,0.000109491136258354,0.00863343901991159
"Tob1",739.209634179039,-0.487826370348913,0.126417793778457,-3.85884261834067,0.000113925270056011,0.00893174117239123
"Gramd3",337.704327392631,0.759880127757615,0.197451680210117,3.84843586516455,0.0001188744092563,0.00926680053975248
"Hdgf",15175.7236835912,0.238260776556315,0.0619609213173088,3.84533947350709,0.000120385655323311,0.00933158864991993
"Mfap3l",934.356744821069,0.746565559252178,0.194511630915822,3.8381538200935,0.000123962822997718,0.00955488725577916
"Mt2",2749.20580839793,0.703196528292793,0.18457456083635,3.80982365666454,0.000139065946606647,0.0106383016027855
"Slc41a1",724.031469258492,-0.481731417551515,0.126474216843526,-3.80892983229548,0.000139569554555495,0.0106383016027855
"She",146.069299730241,-0.92989507397492,0.244232886608851,-3.80741138872172,0.000140429032057419,0.0106446758001536
"Prickle1",897.417366162888,0.790330084665918,0.208024807253413,3.7992107532788,0.000145157615857289,0.0109426510415495
"March5",2624.27530846471,-0.3299401963319,0.0870290462861188,-3.79115031603564,0.000149951161564223,0.0111870059533084
"Ninl",1171.44075810677,0.429704643110637,0.113348025877494,3.79102008865209,0.000150029817449617,0.0111870059533084
"H2afy2",1232.32296065657,-0.621627986311096,0.164078932504856,-3.78859111783105,0.000151504026476914,0.0112358661798014
"Kif21a",1653.41751212141,0.68798774809554,0.181762450588434,3.78509282785451,0.00015365121416974,0.0113338422495098
"Lamb1",4724.24707564015,0.316944224099876,0.0838445902494978,3.78013922134678,0.000156740689983134,0.0114999051688161
"Htra1",179.873342754261,0.92599591096641,0.245695067873209,3.76888278214958,0.000163979867147428,0.0119670413684186
"Ror1",307.18973600317,0.980788319311401,0.260480197783393,3.76530856340563,0.000166343530451374,0.0120075568921921
"Rtn4",8973.61132137217,-0.291305586557431,0.077378060956628,-3.76470517554987,0.000166745704906627,0.0120075568921921
"Serinc5",821.517524676156,0.89371726156165,0.237432859528754,3.76408414292553,0.000167160595219292,0.0120075568921921
"Unc5b",2495.12814181715,0.549892628026268,0.146258963912906,3.75971915371776,0.000170104209219954,0.0121381522811747
"Zfhx2",1901.78931435046,-0.572680455506876,0.15235831503012,-3.75877388374676,0.000170748060515066,0.0121381522811747
"Ak1",961.643345201855,0.585528249179058,0.155856151826187,3.75685041827575,0.000172065273803427,0.0121687399823867
"Cd24a",5099.72371372435,0.650269473308708,0.173208234835958,3.75426418913954,0.000173851424991214,0.012232007953228
"Adamts7",203.220657356799,1.18683444311764,0.316520169385503,3.74963290782316,0.000177093618890565,0.0123965533223395
"Ibtk",3374.11731489382,-0.273606080816519,0.0730983283738774,-3.74298683571942,0.000181845759196336,0.0126645878993591
"Tead3",405.416711315585,0.713918231591362,0.19095845989372,3.73860488814531,0.000185044287371707,0.0128222607209082
"Atr",2731.62708440362,-0.305595939676509,0.0817685946845095,-3.73732654762626,0.000185987308796173,0.0128228436014246
"Tiparp",3154.55828501591,-0.42147606424388,0.113346544364624,-3.71847299453643,0.000200430714674224,0.0137495470266517
"Tmsb10",8931.10682354249,0.503625502363428,0.135679940031196,3.71186412853392,0.00020573842523499,0.0140434387772341
"Cap1",5742.79083816476,0.264497256644581,0.0712839088216563,3.71047633353441,0.000206869636376931,0.0140507495598589
"Nlgn2",1264.85169952145,0.364616371303616,0.0985317786179884,3.70049517442741,0.000215179171456265,0.0145431440018717
"Chdh",82.8594358625883,1.89153044748889,0.51140564894217,3.69868899845254,0.00021671594748948,0.0145752098017434
"Trib2",500.019300596633,0.588715554432975,0.159407177274615,3.69315588230245,0.000221488159298111,0.0148235002222931
"Rin3",114.721465482931,1.71302970065221,0.464402829058923,3.68867197498243,0.000225427630582092,0.0150139179203218
"Top2b",4709.20866989767,-0.477548139834346,0.129716784739909,-3.68146759721082,0.000231895264442696,0.015370062937941
"Ralgds",958.13846383512,0.421375292623995,0.114679483909894,3.67437381349814,0.000238433443544422,0.0157274367568724
"Ptprn",442.384913372343,0.785521066545288,0.214277639436499,3.66590311808095,0.000246467227441199,0.0161280334619832
"Rhbdf1",447.832674770681,0.65169952609602,0.17779289752156,3.66549808896046,0.000246857655030356,0.0161280334619832
"Dync1i1",28.8177905496266,-2.12878855017198,0.581078655785936,-3.66351186534754,0.000248780686361739,0.016176639890441
"Limch1",137.766054342915,1.16199616463851,0.317641671803919,3.65819811374062,0.000253994684679651,0.0164377692160604
"Atf5",404.509120878367,-0.523431150126509,0.143210236296912,-3.65498419429532,0.000257197822890029,0.0165371790227794
"Uba3",3390.07048018213,-0.248713794104113,0.0680616375672616,-3.65424346216064,0.000257941422075422,0.0165371790227794
"Gprc5c",941.266133506663,0.911800693491995,0.24975029249174,3.65084935194681,0.000261374522825676,0.0165710426418321
"Scd2",22315.7258215869,-0.522922036382621,0.143232308343074,-3.65086650094409,0.000261357069646304,0.0165710426418321
"Slc25a24",478.095960127895,1.11683213685434,0.30596931059305,3.65014430594238,0.000262093021375915,0.0165710426418321
"Gm9",35.1445222727197,2.00808866829068,0.550333093979914,3.64886046333963,0.00026340611849361,0.0165776694758363
"Nfe2l1",5106.26057224598,-0.24576672702946,0.067393745980221,-3.64672898730973,0.000265599792547649,0.0166394025285559
"St14",1380.71667514108,0.46342028173444,0.127121568498304,3.64548901660714,0.000266883814162671,0.0166438451377811
"Plcxd1",249.897078080527,0.986347295161894,0.270765089068236,3.64281561761207,0.000269672011364355,0.0167416289408098
"Fry",270.064282062375,-0.701734314360491,0.192785217940858,-3.63997987945201,0.00027265934589885,0.0168508388546497
"Prickle2",236.23575718541,-0.969910517148092,0.26683539999639,-3.63486447885555,0.000278126799139226,0.0171116577766376
"Plk2",897.047900933694,0.675644325763778,0.186001596000321,3.63246520617282,0.000280726437652761,0.017161396846861
"Zdhhc2",553.300771421125,0.670319202721794,0.184568748433539,3.63181312335314,0.000281436901643129,0.017161396846861
"Csrnp3",497.51944656605,-0.626190098423356,0.172554877735144,-3.62893304809674,0.000284595031988218,0.0172771851277803
"Slc1a5",1740.50744214664,-0.300963745953035,0.0831781285820205,-3.61830388689569,0.000296540081327748,0.0179230392767256
"Grb10",8760.99648669481,-0.523303700322721,0.144811726890759,-3.61368317026896,0.000301877914921491,0.0180960644145689
"Sun1",2791.00850113125,-0.255027070945673,0.0705974088038571,-3.61241404276214,0.000303359680419157,0.0180960644145689
"Zeb1",467.584484973533,-0.87150461204181,0.241232098587349,-3.61272242435946,0.000302999005402699,0.0180960644145689
"Mapk8ip2",439.250050293021,0.861747132498518,0.239175355744208,3.60299299991482,0.000314574003416784,0.0186837892938453
"Rab8b",939.610752120209,-0.501406127544565,0.139342555291773,-3.59837040805414,0.000320217341612694,0.0189369910643369
"Ap1m2",822.64452283334,0.720664186656241,0.200369235045458,3.59668083023196,0.000322303551033381,0.0189785610308068
"Tgfa",161.704916678537,1.4200264617403,0.395444893395328,3.59095915880418,0.000329463265302833,0.0192399835409706
"Vgf",65.8936580638058,1.72866998439125,0.481404021169632,3.59089228251819,0.000329547823041406,0.0192399835409706
"Lgals1",1473.14147756898,0.673149043363588,0.187673630893843,3.58680673548834,0.000334752238649386,0.0194610199757186
"Cd276",1758.01711908902,0.441662855973915,0.123384285546913,3.5795713693701,0.000344158248404009,0.0199234226502236
"D230025D16Rik",1666.51550145788,0.351034959863826,0.0981151055374192,3.57778710975292,0.000346515500304462,0.0199755994293161
"Elf4",168.816023537888,-0.944944387707808,0.264448802271915,-3.57326022878403,0.000352564073496942,0.0202225572864795
"Fah",467.597372771557,-0.565471004421474,0.158289573882988,-3.57238313648811,0.000353747357780982,0.0202225572864795
"Megf8",2280.78340922112,0.34459622284152,0.0967448385511239,3.56190808731798,0.000368169285129321,0.0209596788048725
"Cldn3",167.173908424877,1.16546874894313,0.327641819850172,3.55714282589473,0.000374910341396505,0.0212129192190785
"Emp1",200.430554341922,-1.2108788741853,0.340461304172397,-3.55658296360209,0.000375709866635283,0.0212129192190785
"Dnah8",699.246453732702,-0.928009964196132,0.261085799368595,-3.55442527491122,0.000378806139269066,0.0213000829129983
"Stag3",588.31032707984,-0.471351620170538,0.132889464693501,-3.54694498361983,0.000389725967914857,0.021824654203232
"Efs",812.558321778259,0.483890389784959,0.136498220456008,3.54503075694609,0.000392567275662421,0.0218944025288147
"Hdac6",2537.93752753979,0.289010958589855,0.0815749270637767,3.5428895739484,0.00039576838618007,0.021983571896318
"A930004D18Rik",157.749605601076,-1.03344227542819,0.29197151891469,-3.53953111341022,0.000400838517388179,0.0221754212038944
"Gprasp1",2491.21975649588,-0.330086590023759,0.093336703888251,-3.53651432151451,0.000405444517841657,0.0223401557621989
"Dgka",973.115836096663,0.510289715113473,0.144452120420482,3.53258722425176,0.000411514449047572,0.0225362329230399
"Flnc",2807.84295886484,0.596349988223052,0.168837686265535,3.53209050309513,0.000412288226215964,0.0225362329230399
"Marcksl1",8476.02723931529,0.267308300450952,0.0758058287318554,3.52622357571593,0.000421530950726079,0.0229445590304995
"Urgcp",453.578528293203,0.645766012161138,0.183183681391719,3.52523765902616,0.000423103020023059,0.0229445590304995
"Eps8l2",439.368149267446,0.728539190420687,0.206745698019817,3.52384207941707,0.000425337668708042,0.0229749323412376
"Fads1",2802.47092131993,-0.319181182361866,0.090731278160642,-3.51787375679584,0.000435019262358921,0.0234057422728015
"Abr",1955.01400050275,-0.385565124844103,0.109668388547922,-3.51573621122028,0.000438536464004117,0.0235028136177207
"Acp6",1214.18563183448,-0.446910803941486,0.127277889282213,-3.51129961741078,0.000445921502181383,0.0238056148246248
"Fam136a",1897.21515622482,0.299954298957763,0.0854919274407903,3.50856867937039,0.00045052489562022,0.023958145612052
"3830417A13Rik",72.6425056786246,2.37307102814554,0.676730059146979,3.50667300213738,0.000453746372108426,0.0240362943062842
"Pck2",973.038082150843,-0.391660996061204,0.11184530455696,-3.50180991157962,0.0004621091871711,0.0243851463384135
"Lrp6",4926.80685303554,-0.251844400381171,0.0719797206964288,-3.49882436253558,0.00046731430187801,0.0245653341830126
"Fam43a",485.243267470301,0.572607622206684,0.163840154671471,3.49491626979276,0.000474210494966822,0.0247382813343909
"Rad50",4449.05043904399,-0.319208848117243,0.0913091974644242,-3.49591122232361,0.000472445857072469,0.0247382813343909
"St3gal4",211.020000666323,-0.747053276020026,0.21387739253943,-3.49290435585566,0.000477797607806646,0.0248309968905575
"Fgf5",1946.34715051533,1.81860397939925,0.520943705752587,3.49097984929482,0.000481252548987579,0.0249161697060739
"Mesdc1",803.048879669586,0.466181598360584,0.133599096462791,3.48940682013087,0.000484093797255472,0.0249690484900191
"Fam117b",1520.74392245128,-0.445958641751803,0.127954123887819,-3.48530104541833,0.000491583637657493,0.0252512661702495
"Pmm2",551.940363294164,0.476060223524404,0.136626266261517,3.48439752143395,0.000493246307115661,0.0252512661702495
"Dctn1",2741.79318930887,0.415931354491092,0.119481929232317,3.48112352356119,0.000499315164198144,0.0254669295643068
"Uty",398.196543641607,-1.20297629874417,0.346154699625375,-3.47525629450094,0.000510365488698338,0.0259341277960785
"Lama5",7805.84359226894,0.335002389536074,0.0965407887178864,3.47006062396098,0.000520340904725073,0.0263434583499188
"Rgs16",185.218292725258,0.962278961771054,0.277838403489347,3.46344835589998,0.000533298956751178,0.0269002267890668
"AI314180",3430.96518536888,-0.324908957515814,0.0940178520508453,-3.45582195751613,0.000548617567840717,0.0275715495632771
"Smtnl2",1408.48216768164,-0.72517146413292,0.210466636751372,-3.4455411809026,0.00056991712149692,0.0285374558647363
"Rab2b",386.978711395386,-0.57444370450296,0.166864745651034,-3.44257082142624,0.000576212967372242,0.0286725885037372
"Simc1",959.194863752633,-0.433622685834771,0.125968974153631,-3.44229750816204,0.000576795512174306,0.0286725885037372
"Erc1",2997.46641121646,-0.288331356435582,0.0839592128578995,-3.43418365443208,0.000594341361230493,0.0294381352927161
"Kcnk2",23.7105721391347,3.08504524272802,0.899736746275325,3.42883099473185,0.000606186873778634,0.0299168485908016
"Pik3c2b",620.028624612183,-0.536956593834495,0.156734201259216,-3.42590570226881,0.000612753074070965,0.0301325167607658
"Tyk2",762.776996223856,0.429595453178379,0.125438572772703,3.4247476169616,0.000615370787520974,0.0301531685885277
"Cpt1c",671.779060722813,0.44198874384631,0.129277582260891,3.41891251457925,0.000628719373114285,0.0303733443631267
"Fam167a",170.727126420722,0.846294338488264,0.24740823895397,3.42063927242826,0.000624741380798887,0.0303733443631267
"Klhdc4",2430.81089074446,0.364923681811425,0.106665897310889,3.42118419299299,0.000623490897307646,0.0303733443631267
"Mcm6",9787.04130487979,-0.277373739668895,0.0811098253929597,-3.41973044973379,0.000626832139036071,0.0303733443631267
"Nupr1",184.225350536649,-0.753469858961266,0.220599468802375,-3.41555608928627,0.000636519190395385,0.0306422571657006
"Rnf24",310.131401402216,-0.608041325624744,0.178168688164735,-3.41272830758313,0.000643160283373429,0.0308537031044876
"Nln",1524.80699546126,-0.31416520552242,0.0921894875182711,-3.40782028384913,0.000654840080082019,0.0312765998535699
"Tenm3",4232.46590135731,-0.277457154803978,0.0814346361034939,-3.40711481109049,0.000656535040658028,0.0312765998535699
"Cdkn2a",94.2755935740421,1.14176805207651,0.336192820659696,3.3961702389601,0.000683358433914957,0.0320550557468246
"Crip2",844.683304824085,0.528667787597017,0.155604321173731,3.39751353695868,0.000680012234844206,0.0320550557468246
"Peg12",207.410190461781,1.05614701064687,0.31089670777284,3.39709937172623,0.000681042306281809,0.0320550557468246
"Psph",601.722236659521,-0.401147365775353,0.118093708066671,-3.39685638077248,0.0006816473246521,0.0320550557468246
"Wipf3",209.064985608311,0.852612549148296,0.251086663727571,3.3956903026653,0.000684557677392099,0.0320550557468246
"Def8",1997.32736850504,0.361090257732127,0.106479550216112,3.39117001338993,0.000695949146494381,0.032396042387904
"Pitpnc1",1852.1354031311,-0.4612686550091,0.136067404621752,-3.39000112695146,0.000698923363470814,0.032396042387904
"Wdr35",1374.23078404655,0.335383630911667,0.0989178883048373,3.39052558297755,0.000697587433650177,0.032396042387904
"Arntl2",100.57168563926,0.909896892774708,0.269402374661181,3.37746426296003,0.000731574586254925,0.0337952973852443
"Ptpn6",665.134986260942,-0.502755803334645,0.149002423892458,-3.37414513268259,0.000740453176635337,0.0340906630316672
"Cdc5l",7037.84794328972,-0.278546413937108,0.0826420814408727,-3.37051546960851,0.000750276933452256,0.0342971986004454
"Hdgfrp3",549.981599190172,-0.650005748196441,0.19281922834794,-3.37106290573632,0.000748787576134971,0.0342971986004454
"Klhl21",1177.70665285899,0.509418896301049,0.151175315324944,3.36972273023594,0.000752438540724057,0.0342971986004454
"Nt5e",212.814443238832,-1.10473239932184,0.327960120469895,-3.36849613830792,0.000755794557940294,0.0343360971355657
"Atrx",14496.7801067326,0.30891083745086,0.0918192223556629,3.36433733074203,0.000767276998352763,0.0345148866144259
"Hivep1",1093.63979965759,-0.37951106261478,0.112749691186352,-3.36596099396427,0.000762774936583795,0.0345148866144259
"Robo4",97.0885540404376,-1.26602297613887,0.376245534231552,-3.36488505763825,0.000765755521722617,0.0345148866144259
"Lnpep",1948.5550293056,-0.287264372885201,0.0856393722346952,-3.35434935344868,0.00079551856625479,0.035668348787633
"Taok1",8643.53710737843,-0.259510673425534,0.0774033564185595,-3.35270568917228,0.000800257535844689,0.0357639524162513
"Psap",3726.31354037857,0.282374866205462,0.0842714512447208,3.35077730399418,0.000805850799413615,0.0358969901556974
"Dsc2",260.001071078746,1.08307734159437,0.323364980758778,3.34939590258946,0.000809879819166844,0.0359597123591233
"Dst",12193.3494555877,0.269271568336797,0.0804476156338322,3.34716655323164,0.000816421422055055,0.0361332319696624
"Arhgap45",497.570316840237,0.64489783817269,0.193030967075018,3.3409035241587,0.000835062345408295,0.0367036965647496
"Fam83h",889.236359961763,0.550615462898731,0.164801358296607,3.34108570821207,0.000834514573548504,0.0367036965647496
"Lap3",4807.1569379148,-0.284597032193355,0.0852049081001119,-3.34014833815638,0.000837336517840132,0.0367036965647496
"Dpysl2",4212.7967165077,0.361862752901624,0.108380133049553,3.33882919977757,0.0008413227673785,0.0367609820650733
"St5",643.197582060045,-0.427564810642079,0.128149973163997,-3.3364408909779,0.000848584714478235,0.036960578675052
"Abca7",627.173455560706,0.539003399085904,0.161710380752447,3.33314037464938,0.000858716050094388,0.0370347553844388
"Arhgef16",439.124057886032,0.648795694717185,0.194646410146092,3.33320144065452,0.00085852758645217,0.0370347553844388
"Lrrn2",68.2318767518265,-1.77801591897619,0.533558361430404,-3.33237382731581,0.000861085055950143,0.0370347553844388
"Ptgs1",46.4024433169293,-1.45564012402444,0.436483218319793,-3.3349280405964,0.000853214752155485,0.0370347553844388
"Wwtr1",1078.14710226662,-0.527028816800153,0.158467204246771,-3.32579109542088,0.000881679821713178,0.0378020223559525
"Nars",8379.13708537913,-0.25571866800833,0.0769362530594602,-3.32377335572474,0.000888083388405128,0.0379579566632971
"Cerk",321.06684903695,0.756913826358547,0.227890934029094,3.32138630079033,0.000895714689187762,0.0381652345827829
"Glg1",4996.34704152013,-0.280340024117613,0.0844653155547901,-3.31899575910262,0.000903418014260389,0.038374288407593
"Gnb1",13425.4332641783,0.174203372015811,0.0525406574649703,3.31559178017433,0.000914493063919238,0.0387248297437406
"Nrf1",1518.23419749579,0.308112510638467,0.0929657871021233,3.31425699972834,0.000918870090498598,0.0387904542819716
"Dhrsx",257.236014399402,0.706795623179441,0.213915041620025,3.30409501747387,0.000952835320005807,0.0398564042392673
"Lrch1",473.872488424364,-0.492148793021769,0.148939025885986,-3.3043642530502,0.000951920631149381,0.0398564042392673
"Tmem229a",186.826845996933,1.17806776853463,0.356430141784494,3.30518559018758,0.000949135279996943,0.0398564042392673
"Mthfd2l",195.047690437095,0.853468524220376,0.258374070610419,3.3032282310838,0.00095578563358293,0.0398582945068626
"Gpt2",2199.08257367135,-0.350637589179133,0.106190583488632,-3.30196499218474,0.000960100521603623,0.0399169065345506
"Ankrd44",108.619812176964,-0.912853013292356,0.276608784660293,-3.30015915587584,0.000966300114799469,0.0399741084024152
"Parva",395.503966844026,0.875353647463442,0.265269300118728,3.29986789678133,0.00096730349778439,0.0399741084024152
"Grsf1",3195.78334847596,-0.32328975717531,0.0984082638233629,-3.28518911537345,0.00101913941541243,0.0419897681064821
"Wnt3",352.211946045532,1.89280798891423,0.576616232074574,3.28261308583736,0.00102849723849092,0.0422484494374114
"Bach2",605.361472087747,-0.736286909865563,0.224497367115497,-3.27971289519295,0.00103912775241842,0.042557709740838
"Ccdc88a",2463.60772822948,-0.319451609652106,0.0974949009714246,-3.2765981243033,0.00105065797561517,0.0429018673376195
"Ddx3y",260.04400641148,-1.18826411916055,0.36313893666349,-3.27220245253315,0.00106713131858474,0.0434452275696815
"Shisa8",110.286026719133,-1.02189812165964,0.312493631914488,-3.27014062782335,0.00107494030671089,0.0436336716215191
"Zfp422",718.69116641429,-0.507350890107518,0.15528928430274,-3.26713393255408,0.00108642269372987,0.0439696736223415
"Trp53i11",955.892275500509,-0.446785530461953,0.136881159181391,-3.26403964675581,0.0010983579455755,0.0443219735685174
"Tpm4",8629.70298578096,0.419793633060327,0.129116646281446,3.25127429460387,0.0011488895696018,0.0462251169939492
"Raph1",2572.86427220757,-0.315902545382333,0.0973212023694406,-3.24597865307024,0.00117047615847612,0.0469559441353578
"Kif1b",3885.66549867752,-0.287769389922955,0.0888148037934531,-3.24010612681405,0.00119485219497966,0.0476942526424706
"Slc16a2",669.301723421547,0.838291184889191,0.258742048109605,3.23987226279543,0.00119583257354299,0.0476942526424706
"Dennd4c",1945.54314667697,-0.293334754919492,0.0905854088922132,-3.23821196489303,0.00120281408304493,0.0476954023681399
"Pbx1",2026.87354005951,0.517583574257247,0.159807207607719,3.23879993903507,0.00120033737233202,0.0476954023681399
"Ankrd1",19.4624688760063,2.17984590035258,0.673724622477231,3.23551467116857,0.00121423645261334,0.0476976541491823
"Bhlhe40",1686.606604647,-0.662402474334993,0.204716584935872,-3.23570498473532,0.00121342724822819,0.0476976541491823
"Kmt2c",4274.48175686577,-0.312261391408308,0.0965170171969645,-3.23529881545208,0.00121515486430195,0.0476976541491823
"Svil",1073.63456908411,0.362967688061402,0.112203058325267,3.23491795570484,0.00121677689156077,0.0476976541491823
"Lman1",3842.32771724025,-0.276413407734646,0.0855381343867632,-3.23146406823458,0.00123157807241403,0.0480035544134106
"Mmp25",675.575732701399,1.15747520775196,0.358157099690934,3.23175279437649,0.00123033443462376,0.0480035544134106
"Fam83g",545.627263502866,0.850019027596359,0.263661726894019,3.22389994789813,0.00126457573953482,0.0491500825677555
"Baz2b",2499.68891749525,-0.320534611105262,0.0994742814988507,-3.22228626611357,0.00127172006748103,0.0492881336888129
"Zcchc11",4168.99267063995,-0.399429307222541,0.124142514029881,-3.21750618910777,0.00129310237102904,0.0499756747338549
"Dzip3",1935.30381049917,-0.318548511742829,0.0990799667863484,-3.21506478125626,0.00130415087406811,0.0499803072408226
"Kif23",3980.36549265225,-0.278119234842901,0.0864839939805749,-3.21584633227472,0.00130060454821438,0.0499803072408226
"Phf19",518.872613723208,0.962990291530773,0.299378925772886,3.21662685188908,0.00129707178676091,0.0499803072408226
